UTC_0_0,Latitude,Longitude,Elevation,Heading,DepthBelowTransducer
2021-03-03T00:06:40.00,45.4895,-123.2249,92, 29.4746,14.0000
2021-03-03T00:06:41.00,45.4895,-123.2249,92, 28.8297,14.0000
2021-03-03T00:06:42.00,45.4895,-123.2249,92, 28.8948,14.0000
2021-03-03T00:06:43.00,45.4895,-123.2249,92, 24.5929,14.0000
2021-03-03T00:06:44.00,45.4895,-123.2249,92, 27.9684,14.0000
2021-03-03T00:06:45.00,45.4895,-123.2249,92, 25.7854,14.0000
2021-03-03T00:06:46.00,45.4895,-123.2249,92, 22.6955,14.0000
2021-03-03T00:06:47.00,45.4895,-123.2249,92, 25.1807,14.0000
2021-03-03T00:06:48.00,45.4895,-123.2249,92, 25.8556,14.0000
2021-03-03T00:06:49.00,45.4895,-123.2249,92, 23.6649,14.0000
2021-03-03T00:06:50.00,45.4895,-123.2249,92, 27.6780,14.0000
2021-03-03T00:06:51.00,45.4895,-123.2249,92, 21.6883,14.0000
2021-03-03T00:06:52.00,45.4895,-123.2249,92, 17.6618,14.0000
2021-03-03T00:06:53.00,45.4896,-123.2248,92,  8.1578,14.0000
2021-03-03T00:06:54.00,45.4897,-123.2248,92,357.0121,14.0000
2021-03-03T00:06:55.00,45.4897,-123.2248,92,342.5566,14.0000
2021-03-03T00:06:56.00,45.4898,-123.2248,92,335.3516,14.0000
2021-03-03T00:06:57.00,45.4898,-123.2249,92,338.4277,14.0000
2021-03-03T00:06:58.00,45.4899,-123.2249,92,343.3320,14.0000
2021-03-03T00:06:59.00,45.4895,-123.2249,92,352.1670,14.0000
2021-03-03T00:07:00.00,45.4895,-123.2249,92,  4.0558,14.0000
2021-03-03T00:07:01.00,45.4895,-123.2249,92, 16.0331,14.0000
2021-03-03T00:07:02.00,45.4895,-123.2249,92, 23.6599,14.0000
2021-03-03T00:07:03.00,45.4895,-123.2249,92, 32.4859,14.0000
2021-03-03T00:07:04.00,45.4896,-123.2249,92, 41.8911,14.0000
2021-03-03T00:07:05.00,45.4896,-123.2248,92, 49.3735,14.0000
2021-03-03T00:07:06.00,45.4896,-123.2249,92, 50.3084,14.0000
2021-03-03T00:07:07.00,45.4896,-123.2248,92, 46.0303,14.0000
2021-03-03T00:07:08.00,45.4897,-123.2248,92, 40.8965,14.0000
2021-03-03T00:07:09.00,45.4897,-123.2248,92, 39.4907,14.0000
2021-03-03T00:07:10.00,45.4897,-123.2247,92, 44.3376,14.0000
2021-03-03T00:07:11.00,45.4897,-123.2247,92, 54.2846,14.0000
2021-03-03T00:07:12.00,45.4898,-123.2247,92, 59.4752,14.0000
2021-03-03T00:07:13.00,45.4898,-123.2246,92, 56.4408,14.0000
2021-03-03T00:07:14.00,45.4898,-123.2245,92, 44.4953,14.0000
2021-03-03T00:07:15.00,45.4898,-123.2245,92, 31.2480,14.0000
2021-03-03T00:07:16.00,45.4899,-123.2245,92, 20.9190,14.0000
2021-03-03T00:07:17.00,45.4899,-123.2245,92, 15.1094,14.0000
2021-03-03T00:07:18.00,45.4899,-123.2245,92,  2.1490,14.0000
2021-03-03T00:07:19.00,45.4900,-123.2244,92,343.8557,14.0000
2021-03-03T00:07:20.00,45.4900,-123.2245,92,331.9826,14.0000
2021-03-03T00:07:21.00,45.4901,-123.2245,92,332.3731,14.0000
2021-03-03T00:07:22.00,45.4901,-123.2245,92,332.9200,14.0000
2021-03-03T00:07:23.00,45.4901,-123.2245,92,328.5981,14.0000
2021-03-03T00:07:24.00,45.4901,-123.2245,92,324.9903,14.0000
2021-03-03T00:07:25.00,45.4901,-123.2245,92,321.5791,14.0000
2021-03-03T00:07:26.00,45.4901,-123.2246,92,316.2741,14.0000
2021-03-03T00:07:27.00,45.4902,-123.2246,92,310.0071,14.0000
2021-03-03T00:07:28.00,45.4902,-123.2246,92,306.5272,14.0000
2021-03-03T00:07:29.00,45.4902,-123.2246,92,304.9823,14.0000
2021-03-03T00:07:30.00,45.4902,-123.2246,92,304.0174,14.0000
2021-03-03T00:07:31.00,45.4902,-123.2246,92,302.4824,14.0000
2021-03-03T00:07:32.00,45.4902,-123.2247,92,301.0529,14.0000
2021-03-03T00:07:33.00,45.4902,-123.2247,92,300.7410,14.0000
2021-03-03T00:07:34.00,45.4902,-123.2247,92,301.3558,14.0000
2021-03-03T00:07:35.00,45.4902,-123.2247,92,302.7104,14.0000
2021-03-03T00:07:36.00,45.4902,-123.2247,92,304.8473,14.0000
2021-03-03T00:07:37.00,45.4902,-123.2247,92,306.7062,14.0000
2021-03-03T00:07:38.00,45.4902,-123.2248,92,308.5524,14.0000
2021-03-03T00:07:39.00,45.4902,-123.2248,92,310.4394,14.0000
2021-03-03T00:07:40.00,45.4903,-123.2248,92,312.5652,14.0000
2021-03-03T00:07:41.00,45.4903,-123.2248,92,315.5302,14.0000
2021-03-03T00:07:42.00,45.4903,-123.2248,92,319.2159,14.0000
2021-03-03T00:07:43.00,45.4903,-123.2248,92,323.7940,14.0000
2021-03-03T00:07:44.00,45.4903,-123.2248,92,326.9316,14.0000
2021-03-03T00:07:45.00,45.4903,-123.2249,92,329.6998,14.0000
2021-03-03T00:07:46.00,45.4903,-123.2249,92,326.4048,14.0000
2021-03-03T00:07:47.00,45.4903,-123.2249,92,322.0582,14.0000
2021-03-03T00:07:48.00,45.4903,-123.2249,92,332.8506,14.0000
2021-03-03T00:07:49.00,45.4903,-123.2249,92,333.2059,14.0000
2021-03-03T00:07:50.00,45.4904,-123.2249,92,331.7191,14.0000
2021-03-03T00:07:51.00,45.4904,-123.2249,92,328.5054,14.0000
2021-03-03T00:07:52.00,45.4904,-123.2249,92,319.7258,14.0000
2021-03-03T00:07:53.00,45.4904,-123.2249,92,309.5377,14.0000
2021-03-03T00:07:54.00,45.4904,-123.2250,92,305.7932,14.0000
2021-03-03T00:07:55.00,45.4904,-123.2250,92,307.0953,14.0000
2021-03-03T00:07:56.00,45.4904,-123.2250,92,310.6615,14.0000
2021-03-03T00:07:57.00,45.4904,-123.2250,92,314.9617,14.0000
2021-03-03T00:07:58.00,45.4905,-123.2250,92,317.5003,14.0000
2021-03-03T00:07:59.00,45.4905,-123.2250,92,317.8023,14.0000
2021-03-03T00:08:00.00,45.4905,-123.2251,92,314.6979,14.0000
2021-03-03T00:08:01.00,45.4905,-123.2251,92,312.1894,14.0000
2021-03-03T00:08:02.00,45.4905,-123.2251,92,309.5786,14.0000
2021-03-03T00:08:03.00,45.4905,-123.2251,92,306.4161,14.0000
2021-03-03T00:08:04.00,45.4905,-123.2251,92,305.2574,14.0000
2021-03-03T00:08:05.00,45.4905,-123.2251,92,306.8183,14.0000
2021-03-03T00:08:06.00,45.4905,-123.2251,92,309.0399,14.0000
2021-03-03T00:08:07.00,45.4905,-123.2252,92,326.2616,14.0000
2021-03-03T00:08:08.00,45.4905,-123.2252,92,333.3538,14.0000
2021-03-03T00:08:09.00,45.4905,-123.2252,92,333.7669,14.0000
2021-03-03T00:08:10.00,45.4906,-123.2252,92,332.2142,14.0000
2021-03-03T00:08:11.00,45.4906,-123.2252,92,327.1334,14.0000
2021-03-03T00:08:12.00,45.4906,-123.2252,92,316.2465,14.0000
2021-03-03T00:08:13.00,45.4906,-123.2252,92,304.9039,14.0000
2021-03-03T00:08:14.00,45.4906,-123.2252,92,299.6378,14.0000
2021-03-03T00:08:15.00,45.4906,-123.2253,92,301.2475,14.0000
2021-03-03T00:08:16.00,45.4906,-123.2253,92,307.5447,14.0000
2021-03-03T00:08:17.00,45.4906,-123.2253,92,315.8484,14.0000
2021-03-03T00:08:18.00,45.4906,-123.2253,92,321.6177,14.0000
2021-03-03T00:08:19.00,45.4907,-123.2253,92,325.2416,14.0000
2021-03-03T00:08:20.00,45.4907,-123.2253,92,325.5692,14.0000
2021-03-03T00:08:21.00,45.4907,-123.2253,92,322.5055,14.0000
2021-03-03T00:08:22.00,45.4907,-123.2254,92,317.4750,14.0000
2021-03-03T00:08:23.00,45.4907,-123.2254,92,312.0167,14.0000
2021-03-03T00:08:24.00,45.4907,-123.2254,92,307.8717,14.0000
2021-03-03T00:08:25.00,45.4907,-123.2254,92,308.5945,14.0000
2021-03-03T00:08:26.00,45.4907,-123.2254,92,313.6413,14.0000
2021-03-03T00:08:27.00,45.4907,-123.2254,92,321.7495,14.0000
2021-03-03T00:08:28.00,45.4907,-123.2254,92,328.4275,14.0000
2021-03-03T00:08:29.00,45.4908,-123.2255,92,330.8854,14.0000
2021-03-03T00:08:30.00,45.4908,-123.2255,92,330.2615,14.0000
2021-03-03T00:08:31.00,45.4908,-123.2255,92,326.3856,14.0000
2021-03-03T00:08:32.00,45.4908,-123.2255,92,319.7699,14.0000
2021-03-03T00:08:33.00,45.4908,-123.2255,92,312.5208,14.0000
2021-03-03T00:08:34.00,45.4908,-123.2255,92,306.8586,14.0000
2021-03-03T00:08:35.00,45.4908,-123.2255,92,306.4904,14.0000
2021-03-03T00:08:36.00,45.4908,-123.2255,92,310.8855,14.0000
2021-03-03T00:08:37.00,45.4908,-123.2256,92,317.2679,14.0000
2021-03-03T00:08:38.00,45.4909,-123.2256,92,323.1801,14.0000
2021-03-03T00:08:39.00,45.4909,-123.2256,92,327.0297,14.0000
2021-03-03T00:08:40.00,45.4909,-123.2256,92,327.9720,14.0000
2021-03-03T00:08:41.00,45.4909,-123.2256,92,325.3159,14.0000
2021-03-03T00:08:42.00,45.4909,-123.2256,92,318.9821,14.0000
2021-03-03T00:08:43.00,45.4909,-123.2256,92,311.6814,14.0000
2021-03-03T00:08:44.00,45.4909,-123.2256,92,307.1089,14.0000
2021-03-03T00:08:45.00,45.4909,-123.2257,92,307.1466,14.0000
2021-03-03T00:08:46.00,45.4909,-123.2257,92,312.1292,14.0000
2021-03-03T00:08:47.00,45.4909,-123.2257,92,322.1233,14.0000
2021-03-03T00:08:48.00,45.4910,-123.2257,92,329.4036,14.0000
2021-03-03T00:08:49.00,45.4910,-123.2257,92,331.9141,14.0000
2021-03-03T00:08:50.00,45.4910,-123.2257,92,331.1998,14.0000
2021-03-03T00:08:51.00,45.4910,-123.2257,92,327.0747,14.0000
2021-03-03T00:08:52.00,45.4910,-123.2257,92,320.3300,14.0000
2021-03-03T00:08:53.00,45.4910,-123.2258,92,312.6117,14.0000
2021-03-03T00:08:54.00,45.4910,-123.2258,92,308.2452,14.0000
2021-03-03T00:08:55.00,45.4910,-123.2258,92,308.9555,14.0000
2021-03-03T00:08:56.00,45.4910,-123.2258,92,314.1945,14.0000
2021-03-03T00:08:57.00,45.4911,-123.2258,92,320.5169,14.0000
2021-03-03T00:08:58.00,45.4911,-123.2258,92,325.0960,14.0000
2021-03-03T00:08:59.00,45.4911,-123.2258,92,327.6359,14.0000
2021-03-03T00:09:00.00,45.4911,-123.2258,92,328.1875,14.0000
2021-03-03T00:09:01.00,45.4911,-123.2259,92,325.6019,14.0000
2021-03-03T00:09:02.00,45.4911,-123.2259,92,319.6078,14.0000
2021-03-03T00:09:03.00,45.4911,-123.2259,92,313.1622,14.0000
2021-03-03T00:09:04.00,45.4911,-123.2259,92,309.5672,14.0000
2021-03-03T00:09:05.00,45.4911,-123.2259,92,307.4785,14.0000
2021-03-03T00:09:06.00,45.4911,-123.2259,92,312.2376,14.0000
2021-03-03T00:09:07.00,45.4912,-123.2260,92,320.9611,14.0000
2021-03-03T00:09:08.00,45.4912,-123.2260,92,327.0010,14.0000
2021-03-03T00:09:09.00,45.4912,-123.2260,92,329.9115,14.0000
2021-03-03T00:09:10.00,45.4912,-123.2260,92,329.7132,14.0000
2021-03-03T00:09:11.00,45.4912,-123.2260,92,326.3713,14.0000
2021-03-03T00:09:12.00,45.4912,-123.2260,92,320.4772,14.0000
2021-03-03T00:09:13.00,45.4912,-123.2260,92,314.8319,14.0000
2021-03-03T00:09:14.00,45.4912,-123.2260,92,310.1812,14.0000
2021-03-03T00:09:15.00,45.4913,-123.2261,92,309.3122,14.0000
2021-03-03T00:09:16.00,45.4913,-123.2261,92,315.2472,14.0000
2021-03-03T00:09:17.00,45.4913,-123.2261,92,323.1264,14.0000
2021-03-03T00:09:18.00,45.4913,-123.2261,92,329.5417,14.0000
2021-03-03T00:09:19.00,45.4913,-123.2261,92,328.3569,14.0000
2021-03-03T00:09:20.00,45.4913,-123.2261,92,326.9025,14.0000
2021-03-03T00:09:21.00,45.4913,-123.2261,92,325.5869,14.0000
2021-03-03T00:09:22.00,45.4913,-123.2261,92,324.1597,14.0000
2021-03-03T00:09:23.00,45.4913,-123.2262,92,322.3965,14.0000
2021-03-03T00:09:24.00,45.4913,-123.2262,92,321.0917,14.0000
2021-03-03T00:09:25.00,45.4914,-123.2262,92,320.3695,14.0000
2021-03-03T00:09:26.00,45.4914,-123.2262,92,319.6703,14.0000
2021-03-03T00:09:27.00,45.4914,-123.2262,92,319.2385,14.0000
2021-03-03T00:09:28.00,45.4914,-123.2262,92,318.7666,14.0000
2021-03-03T00:09:29.00,45.4914,-123.2262,92,318.4278,14.0000
2021-03-03T00:09:30.00,45.4914,-123.2262,92,318.4131,14.0000
2021-03-03T00:09:31.00,45.4914,-123.2262,92,318.1120,14.0000
2021-03-03T00:09:32.00,45.4914,-123.2263,92,317.9002,14.0000
2021-03-03T00:09:33.00,45.4915,-123.2263,92,317.9459,14.0000
2021-03-03T00:09:34.00,45.4915,-123.2263,92,317.8483,14.0000
2021-03-03T00:09:35.00,45.4915,-123.2263,92,317.3015,14.0000
2021-03-03T00:09:36.00,45.4915,-123.2263,92,316.8135,14.0000
2021-03-03T00:09:37.00,45.4915,-123.2263,92,316.2974,14.0000
2021-03-03T00:09:38.00,45.4915,-123.2264,92,316.6548,14.0000
2021-03-03T00:09:39.00,45.4915,-123.2264,92,314.9699,14.0000
2021-03-03T00:09:40.00,45.4915,-123.2264,92,315.8301,14.0000
2021-03-03T00:09:41.00,45.4915,-123.2264,92,319.4309,14.0000
2021-03-03T00:09:42.00,45.4915,-123.2264,92,321.4568,14.0000
2021-03-03T00:09:43.00,45.4915,-123.2264,92,322.0049,14.0000
2021-03-03T00:09:44.00,45.4916,-123.2264,92,319.2977,14.0000
2021-03-03T00:09:45.00,45.4916,-123.2264,92,307.7379,14.0000
2021-03-03T00:09:46.00,45.4916,-123.2265,92,305.5127,14.0000
2021-03-03T00:09:47.00,45.4916,-123.2265,92,306.1894,14.0000
2021-03-03T00:09:48.00,45.4916,-123.2265,92,312.3602,14.0000
2021-03-03T00:09:49.00,45.4916,-123.2265,92,328.4993,14.0000
2021-03-03T00:09:50.00,45.4916,-123.2265,92,329.8260,14.0000
2021-03-03T00:09:51.00,45.4916,-123.2265,92,328.6532,14.0000
2021-03-03T00:09:52.00,45.4916,-123.2265,92,325.2691,14.0000
2021-03-03T00:09:53.00,45.4917,-123.2266,92,312.7292,14.0000
2021-03-03T00:09:54.00,45.4917,-123.2266,92,308.4302,14.0000
2021-03-03T00:09:55.00,45.4917,-123.2266,92,307.5227,14.0000
2021-03-03T00:09:56.00,45.4917,-123.2266,92,312.4521,14.0000
2021-03-03T00:09:57.00,45.4917,-123.2266,92,328.1309,14.0000
2021-03-03T00:09:58.00,45.4917,-123.2266,92,329.8229,14.0000
2021-03-03T00:09:59.00,45.4917,-123.2266,92,329.5312,14.0000
2021-03-03T00:10:00.00,45.4917,-123.2266,92,326.8560,14.0000
2021-03-03T00:10:01.00,45.4917,-123.2267,92,312.8736,14.0000
2021-03-03T00:10:02.00,45.4918,-123.2267,92,304.6493,14.0000
2021-03-03T00:10:03.00,45.4918,-123.2267,92,303.6413,14.0000
2021-03-03T00:10:04.00,45.4918,-123.2267,92,308.8382,14.0000
2021-03-03T00:10:05.00,45.4918,-123.2267,92,323.1382,14.0000
2021-03-03T00:10:06.00,45.4918,-123.2267,92,328.3295,14.0000
2021-03-03T00:10:07.00,45.4918,-123.2268,92,332.1734,14.0000
2021-03-03T00:10:08.00,45.4918,-123.2268,92,334.9694,14.0000
2021-03-03T00:10:09.00,45.4918,-123.2268,92,336.9089,14.0000
2021-03-03T00:10:10.00,45.4918,-123.2268,92,337.9024,14.0000
2021-03-03T00:10:11.00,45.4918,-123.2268,92,337.2587,14.0000
2021-03-03T00:10:12.00,45.4918,-123.2268,92,334.7658,14.0000
2021-03-03T00:10:13.00,45.4919,-123.2268,92,323.9901,14.0000
2021-03-03T00:10:14.00,45.4919,-123.2268,92,311.2622,14.0000
2021-03-03T00:10:15.00,45.4919,-123.2269,92,305.5742,14.0000
2021-03-03T00:10:16.00,45.4919,-123.2269,92,305.9061,14.0000
2021-03-03T00:10:17.00,45.4919,-123.2269,92,310.2356,14.0000
2021-03-03T00:10:18.00,45.4919,-123.2269,92,317.9159,14.0000
2021-03-03T00:10:19.00,45.4919,-123.2269,92,328.2852,14.0000
2021-03-03T00:10:20.00,45.4919,-123.2269,92,333.3204,14.0000
2021-03-03T00:10:21.00,45.4919,-123.2269,92,333.8309,14.0000
2021-03-03T00:10:22.00,45.4920,-123.2269,92,332.2274,14.0000
2021-03-03T00:10:23.00,45.4920,-123.2270,92,328.0411,14.0000
2021-03-03T00:10:24.00,45.4920,-123.2270,92,320.2974,14.0000
2021-03-03T00:10:25.00,45.4920,-123.2270,92,312.6491,14.0000
2021-03-03T00:10:26.00,45.4920,-123.2270,92,309.9063,14.0000
2021-03-03T00:10:27.00,45.4920,-123.2270,92,312.5297,14.0000
2021-03-03T00:10:28.00,45.4920,-123.2270,92,320.7825,14.0000
2021-03-03T00:10:29.00,45.4920,-123.2270,92,328.6930,14.0000
2021-03-03T00:10:30.00,45.4920,-123.2270,92,331.0766,14.0000
2021-03-03T00:10:31.00,45.4920,-123.2271,92,331.8318,14.0000
2021-03-03T00:10:32.00,45.4921,-123.2271,92,330.2238,14.0000
2021-03-03T00:10:33.00,45.4921,-123.2271,92,324.7646,14.0000
2021-03-03T00:10:34.00,45.4921,-123.2271,92,314.8234,14.0000
2021-03-03T00:10:35.00,45.4921,-123.2271,92,307.7714,14.0000
2021-03-03T00:10:36.00,45.4921,-123.2271,92,306.6937,14.0000
2021-03-03T00:10:37.00,45.4921,-123.2271,92,310.8091,14.0000
2021-03-03T00:10:38.00,45.4921,-123.2271,92,322.2350,14.0000
2021-03-03T00:10:39.00,45.4921,-123.2272,92,330.0444,14.0000
2021-03-03T00:10:40.00,45.4921,-123.2272,92,333.7399,14.0000
2021-03-03T00:10:41.00,45.4922,-123.2272,92,334.7133,14.0000
2021-03-03T00:10:42.00,45.4922,-123.2272,92,331.5271,14.0000
2021-03-03T00:10:43.00,45.4922,-123.2272,92,325.8092,14.0000
2021-03-03T00:10:44.00,45.4922,-123.2272,92,318.7870,14.0000
2021-03-03T00:10:45.00,45.4922,-123.2272,92,313.9837,14.0000
2021-03-03T00:10:46.00,45.4922,-123.2272,92,311.9546,14.0000
2021-03-03T00:10:47.00,45.4922,-123.2273,92,315.4804,14.0000
2021-03-03T00:10:48.00,45.4922,-123.2273,92,324.0534,14.0000
2021-03-03T00:10:49.00,45.4922,-123.2273,92,329.8700,14.0000
2021-03-03T00:10:50.00,45.4923,-123.2273,92,332.8702,14.0000
2021-03-03T00:10:51.00,45.4923,-123.2273,92,333.8029,14.0000
2021-03-03T00:10:52.00,45.4923,-123.2273,92,332.4684,14.0000
2021-03-03T00:10:53.00,45.4923,-123.2273,92,326.4683,14.0000
2021-03-03T00:10:54.00,45.4923,-123.2273,92,316.7411,14.0000
2021-03-03T00:10:55.00,45.4923,-123.2274,92,311.1724,14.0000
2021-03-03T00:10:56.00,45.4923,-123.2274,92,310.8303,14.0000
2021-03-03T00:10:57.00,45.4923,-123.2274,92,315.3478,14.0000
2021-03-03T00:10:58.00,45.4923,-123.2274,92,324.6249,14.0000
2021-03-03T00:10:59.00,45.4924,-123.2274,92,332.6809,14.0000
2021-03-03T00:11:00.00,45.4924,-123.2274,92,335.9298,14.0000
2021-03-03T00:11:01.00,45.4924,-123.2274,92,336.1744,14.0000
2021-03-03T00:11:02.00,45.4924,-123.2274,92,333.4714,14.0000
2021-03-03T00:11:03.00,45.4924,-123.2274,92,327.7282,14.0000
2021-03-03T00:11:04.00,45.4924,-123.2275,92,321.0309,14.0000
2021-03-03T00:11:05.00,45.4924,-123.2275,92,315.9372,14.0000
2021-03-03T00:11:06.00,45.4924,-123.2275,92,314.3462,14.0000
2021-03-03T00:11:07.00,45.4924,-123.2275,92,317.7711,14.0000
2021-03-03T00:11:08.00,45.4925,-123.2275,92,323.5235,14.0000
2021-03-03T00:11:09.00,45.4925,-123.2275,92,327.0054,14.0000
2021-03-03T00:11:10.00,45.4925,-123.2275,92,329.3725,14.0000
2021-03-03T00:11:11.00,45.4925,-123.2275,92,330.3363,14.0000
2021-03-03T00:11:12.00,45.4925,-123.2275,92,327.6339,14.0000
2021-03-03T00:11:13.00,45.4925,-123.2276,92,322.2161,14.0000
2021-03-03T00:11:14.00,45.4925,-123.2276,92,316.2431,14.0000
2021-03-03T00:11:15.00,45.4925,-123.2276,92,312.9816,14.0000
2021-03-03T00:11:16.00,45.4926,-123.2276,92,313.4522,14.0000
2021-03-03T00:11:17.00,45.4926,-123.2276,92,319.3437,14.0000
2021-03-03T00:11:18.00,45.4926,-123.2276,92,330.8527,14.0000
2021-03-03T00:11:19.00,45.4926,-123.2276,92,337.0857,14.0000
2021-03-03T00:11:20.00,45.4926,-123.2276,92,337.9633,14.0000
2021-03-03T00:11:21.00,45.4926,-123.2277,92,336.3201,14.0000
2021-03-03T00:11:22.00,45.4926,-123.2277,92,331.5039,14.0000
2021-03-03T00:11:23.00,45.4926,-123.2277,92,324.3296,14.0000
2021-03-03T00:11:24.00,45.4926,-123.2277,92,317.4554,14.0000
2021-03-03T00:11:25.00,45.4927,-123.2277,92,313.8051,14.0000
2021-03-03T00:11:26.00,45.4927,-123.2277,92,315.1465,14.0000
2021-03-03T00:11:27.00,45.4927,-123.2277,92,319.6516,14.0000
2021-03-03T00:11:28.00,45.4927,-123.2277,92,324.5987,14.0000
2021-03-03T00:11:29.00,45.4927,-123.2278,92,328.0817,14.0000
2021-03-03T00:11:30.00,45.4927,-123.2278,92,330.8537,14.0000
2021-03-03T00:11:31.00,45.4927,-123.2278,92,330.8869,14.0000
2021-03-03T00:11:32.00,45.4927,-123.2278,92,327.6702,14.0000
2021-03-03T00:11:33.00,45.4928,-123.2278,92,319.8136,14.0000
2021-03-03T00:11:34.00,45.4928,-123.2278,92,313.7393,14.0000
2021-03-03T00:11:35.00,45.4928,-123.2278,92,312.0818,14.0000
2021-03-03T00:11:36.00,45.4928,-123.2278,92,313.9779,14.0000
2021-03-03T00:11:37.00,45.4928,-123.2279,92,322.5554,14.0000
2021-03-03T00:11:38.00,45.4928,-123.2279,92,334.8927,14.0000
2021-03-03T00:11:39.00,45.4928,-123.2279,92,338.7650,14.0000
2021-03-03T00:11:40.00,45.4928,-123.2279,92,339.7232,14.0000
2021-03-03T00:11:41.00,45.4928,-123.2279,92,337.4327,14.0000
2021-03-03T00:11:42.00,45.4929,-123.2279,92,332.8846,14.0000
2021-03-03T00:11:43.00,45.4929,-123.2279,92,326.4685,14.0000
2021-03-03T00:11:44.00,45.4929,-123.2279,92,320.5348,14.0000
2021-03-03T00:11:45.00,45.4929,-123.2279,92,318.1042,14.0000
2021-03-03T00:11:46.00,45.4929,-123.2279,92,320.2748,14.0000
2021-03-03T00:11:47.00,45.4929,-123.2280,92,323.8573,14.0000
2021-03-03T00:11:48.00,45.4929,-123.2280,92,329.0003,14.0000
2021-03-03T00:11:49.00,45.4929,-123.2280,92,332.0907,14.0000
2021-03-03T00:11:50.00,45.4930,-123.2280,92,333.8715,14.0000
2021-03-03T00:11:51.00,45.4930,-123.2280,92,334.0466,14.0000
2021-03-03T00:11:52.00,45.4930,-123.2280,92,331.5625,14.0000
2021-03-03T00:11:53.00,45.4930,-123.2280,92,325.0964,14.0000
2021-03-03T00:11:54.00,45.4930,-123.2280,92,316.6961,14.0000
2021-03-03T00:11:55.00,45.4930,-123.2280,92,312.0451,14.0000
2021-03-03T00:11:56.00,45.4930,-123.2280,92,310.5520,14.0000
2021-03-03T00:11:57.00,45.4930,-123.2281,92,315.1091,14.0000
2021-03-03T00:11:58.00,45.4930,-123.2281,92,324.3349,14.0000
2021-03-03T00:11:59.00,45.4930,-123.2281,92,331.7496,14.0000
2021-03-03T00:12:00.00,45.4931,-123.2281,92,335.4153,14.0000
2021-03-03T00:12:01.00,45.4931,-123.2281,92,337.1219,14.0000
2021-03-03T00:12:02.00,45.4931,-123.2281,92,335.2279,14.0000
2021-03-03T00:12:03.00,45.4931,-123.2281,92,330.6465,14.0000
2021-03-03T00:12:04.00,45.4931,-123.2281,92,325.0329,14.0000
2021-03-03T00:12:05.00,45.4931,-123.2281,92,320.4484,14.0000
2021-03-03T00:12:06.00,45.4931,-123.2282,92,319.1368,14.0000
2021-03-03T00:12:07.00,45.4932,-123.2282,92,322.7117,14.0000
2021-03-03T00:12:08.00,45.4932,-123.2282,92,326.3649,14.0000
2021-03-03T00:12:09.00,45.4932,-123.2282,92,325.6027,14.0000
2021-03-03T00:12:10.00,45.4932,-123.2282,92,323.5116,14.0000
2021-03-03T00:12:11.00,45.4932,-123.2282,92,322.3273,14.0000
2021-03-03T00:12:12.00,45.4932,-123.2282,92,321.3143,14.0000
2021-03-03T00:12:13.00,45.4932,-123.2282,92,321.9980,14.0000
2021-03-03T00:12:14.00,45.4932,-123.2283,92,322.5694,14.0000
2021-03-03T00:12:15.00,45.4932,-123.2283,92,325.3349,14.0000
2021-03-03T00:12:16.00,45.4933,-123.2283,92,331.4770,14.0000
2021-03-03T00:12:17.00,45.4933,-123.2283,92,338.3828,14.0000
2021-03-03T00:12:18.00,45.4933,-123.2283,92,338.3767,14.0000
2021-03-03T00:12:19.00,45.4933,-123.2283,92,336.0475,14.0000
2021-03-03T00:12:20.00,45.4933,-123.2283,92,332.4755,14.0000
2021-03-03T00:12:21.00,45.4933,-123.2283,92,328.0290,14.0000
2021-03-03T00:12:22.00,45.4933,-123.2283,92,322.6544,14.0000
2021-03-03T00:12:23.00,45.4933,-123.2283,92,315.6471,14.0000
2021-03-03T00:12:24.00,45.4934,-123.2284,92,301.7912,14.0000
2021-03-03T00:12:25.00,45.4934,-123.2284,92,295.6136,14.0000
2021-03-03T00:12:26.00,45.4934,-123.2284,92,294.6000,14.0000
2021-03-03T00:12:27.00,45.4934,-123.2284,92,296.5975,14.0000
2021-03-03T00:12:28.00,45.4934,-123.2284,92,301.9824,14.0000
2021-03-03T00:12:29.00,45.4934,-123.2284,92,308.9268,14.0000
2021-03-03T00:12:30.00,45.4934,-123.2285,92,317.8264,14.0000
2021-03-03T00:12:31.00,45.4934,-123.2285,92,335.8782,14.0000
2021-03-03T00:12:32.00,45.4934,-123.2285,92,342.5540,14.0000
2021-03-03T00:12:33.00,45.4934,-123.2285,92,343.6485,14.0000
2021-03-03T00:12:34.00,45.4934,-123.2285,92,342.9430,14.0000
2021-03-03T00:12:35.00,45.4935,-123.2285,92,340.4493,14.0000
2021-03-03T00:12:36.00,45.4935,-123.2285,92,337.0971,14.0000
2021-03-03T00:12:37.00,45.4935,-123.2285,92,333.2196,14.0000
2021-03-03T00:12:38.00,45.4935,-123.2285,92,331.2009,14.0000
2021-03-03T00:12:39.00,45.4935,-123.2285,92,332.8208,14.0000
2021-03-03T00:12:40.00,45.4935,-123.2286,92,325.8558,14.0000
2021-03-03T00:12:41.00,45.4936,-123.2286,92,313.5533,14.0000
2021-03-03T00:12:42.00,45.4936,-123.2286,92,292.9443,14.0000
2021-03-03T00:12:43.00,45.4936,-123.2287,92,279.2354,14.0000
2021-03-03T00:12:44.00,45.4936,-123.2287,92,279.1055,14.0000
2021-03-03T00:12:45.00,45.4936,-123.2287,92,269.4065,14.0000
2021-03-03T00:12:46.00,45.4936,-123.2288,92,257.7480,14.0000
2021-03-03T00:12:47.00,45.4936,-123.2288,92,244.6748,14.0000
2021-03-03T00:12:48.00,45.4936,-123.2288,92,235.7691,14.0000
2021-03-03T00:12:49.00,45.4936,-123.2288,92,227.6428,14.0000
2021-03-03T00:12:50.00,45.4936,-123.2288,92,217.6838,14.0000
2021-03-03T00:12:51.00,45.4936,-123.2288,92,204.3810,14.0000
2021-03-03T00:12:52.00,45.4936,-123.2288,92,193.7461,14.0000
2021-03-03T00:12:53.00,45.4936,-123.2288,92,189.2063,14.0000
2021-03-03T00:12:54.00,45.4936,-123.2288,92,187.1998,14.0000
2021-03-03T00:12:55.00,45.4935,-123.2288,92,185.4061,14.0000
2021-03-03T00:12:56.00,45.4935,-123.2288,92,183.6006,14.0000
2021-03-03T00:12:57.00,45.4935,-123.2288,92,181.8246,14.0000
2021-03-03T00:12:58.00,45.4935,-123.2289,92,180.1424,14.0000
2021-03-03T00:12:59.00,45.4935,-123.2289,92,179.0912,14.0000
2021-03-03T00:13:00.00,45.4935,-123.2289,92,177.2670,14.0000
2021-03-03T00:13:01.00,45.4935,-123.2289,92,176.7472,14.0000
2021-03-03T00:13:02.00,45.4934,-123.2288,92,171.0430,14.0000
2021-03-03T00:13:03.00,45.4934,-123.2288,92,165.1548,14.0000
2021-03-03T00:13:04.00,45.4934,-123.2288,92,159.3719,14.0000
2021-03-03T00:13:05.00,45.4934,-123.2288,92,155.7996,14.0000
2021-03-03T00:13:06.00,45.4934,-123.2288,92,153.2933,14.0000
2021-03-03T00:13:07.00,45.4934,-123.2288,92,151.2072,14.0000
2021-03-03T00:13:08.00,45.4934,-123.2288,92,149.3737,14.0000
2021-03-03T00:13:09.00,45.4934,-123.2288,92,147.0886,14.0000
2021-03-03T00:13:10.00,45.4933,-123.2288,92,144.6406,14.0000
2021-03-03T00:13:11.00,45.4933,-123.2288,92,143.3048,14.0000
2021-03-03T00:13:12.00,45.4933,-123.2288,92,141.5967,14.0000
2021-03-03T00:13:13.00,45.4933,-123.2288,92,139.0814,14.0000
2021-03-03T00:13:14.00,45.4933,-123.2287,92,138.8353,14.0000
2021-03-03T00:13:15.00,45.4933,-123.2287,92,138.1121,14.0000
2021-03-03T00:13:16.00,45.4933,-123.2287,92,134.6180,14.0000
2021-03-03T00:13:17.00,45.4933,-123.2287,92,130.6460,14.0000
2021-03-03T00:13:18.00,45.4933,-123.2287,92,129.5957,14.0000
2021-03-03T00:13:19.00,45.4933,-123.2287,92,130.4109,14.0000
2021-03-03T00:13:20.00,45.4932,-123.2287,92,134.9472,14.0000
2021-03-03T00:13:21.00,45.4932,-123.2286,92,137.4347,14.0000
2021-03-03T00:13:22.00,45.4932,-123.2286,92,140.3185,14.0000
2021-03-03T00:13:23.00,45.4932,-123.2286,92,140.9527,14.0000
2021-03-03T00:13:24.00,45.4932,-123.2286,92,139.3465,14.0000
2021-03-03T00:13:25.00,45.4932,-123.2286,92,131.1051,14.0000
2021-03-03T00:13:26.00,45.4932,-123.2286,92,123.6460,14.0000
2021-03-03T00:13:27.00,45.4932,-123.2286,92,120.9929,14.0000
2021-03-03T00:13:28.00,45.4932,-123.2285,92,122.4005,14.0000
2021-03-03T00:13:29.00,45.4932,-123.2285,92,128.5753,14.0000
2021-03-03T00:13:30.00,45.4931,-123.2285,92,139.5867,14.0000
2021-03-03T00:13:31.00,45.4931,-123.2285,92,142.6628,14.0000
2021-03-03T00:13:32.00,45.4931,-123.2285,92,142.2345,14.0000
2021-03-03T00:13:33.00,45.4931,-123.2285,92,139.3154,14.0000
2021-03-03T00:13:34.00,45.4931,-123.2285,92,131.8165,14.0000
2021-03-03T00:13:35.00,45.4931,-123.2284,92,120.9347,14.0000
2021-03-03T00:13:36.00,45.4931,-123.2284,92,116.3156,14.0000
2021-03-03T00:13:37.00,45.4931,-123.2284,92,117.0073,14.0000
2021-03-03T00:13:38.00,45.4931,-123.2284,92,122.0961,14.0000
2021-03-03T00:13:39.00,45.4931,-123.2284,92,128.7651,14.0000
2021-03-03T00:13:40.00,45.4930,-123.2284,92,135.5912,14.0000
2021-03-03T00:13:41.00,45.4930,-123.2283,92,142.5361,14.0000
2021-03-03T00:13:42.00,45.4930,-123.2283,92,146.5585,14.0000
2021-03-03T00:13:43.00,45.4930,-123.2283,92,149.1863,14.0000
2021-03-03T00:13:44.00,45.4930,-123.2283,92,149.3053,14.0000
2021-03-03T00:13:45.00,45.4930,-123.2283,92,147.1166,14.0000
2021-03-03T00:13:46.00,45.4930,-123.2283,92,137.4170,14.0000
2021-03-03T00:13:47.00,45.4930,-123.2283,92,131.9537,14.0000
2021-03-03T00:13:48.00,45.4930,-123.2283,92,129.8736,14.0000
2021-03-03T00:13:49.00,45.4930,-123.2282,92,132.5905,14.0000
2021-03-03T00:13:50.00,45.4929,-123.2282,92,140.3240,14.0000
2021-03-03T00:13:51.00,45.4929,-123.2282,92,150.5226,14.0000
2021-03-03T00:13:52.00,45.4929,-123.2282,92,153.6925,14.0000
2021-03-03T00:13:53.00,45.4929,-123.2282,92,153.6883,14.0000
2021-03-03T00:13:54.00,45.4929,-123.2282,92,151.3954,14.0000
2021-03-03T00:13:55.00,45.4929,-123.2282,92,141.4044,14.0000
2021-03-03T00:13:56.00,45.4929,-123.2282,92,132.4927,14.0000
2021-03-03T00:13:57.00,45.4929,-123.2281,92,128.9712,14.0000
2021-03-03T00:13:58.00,45.4928,-123.2281,92,130.4454,14.0000
2021-03-03T00:13:59.00,45.4928,-123.2281,92,136.0504,14.0000
2021-03-03T00:14:00.00,45.4928,-123.2281,92,143.1170,14.0000
2021-03-03T00:14:01.00,45.4928,-123.2281,92,148.2407,14.0000
2021-03-03T00:14:02.00,45.4928,-123.2281,92,151.3579,14.0000
2021-03-03T00:14:03.00,45.4928,-123.2281,92,151.5954,14.0000
2021-03-03T00:14:04.00,45.4928,-123.2281,92,148.7643,14.0000
2021-03-03T00:14:05.00,45.4928,-123.2280,92,142.4704,14.0000
2021-03-03T00:14:06.00,45.4928,-123.2280,92,133.7228,14.0000
2021-03-03T00:14:07.00,45.4928,-123.2280,92,130.0670,14.0000
2021-03-03T00:14:08.00,45.4927,-123.2280,92,130.6381,14.0000
2021-03-03T00:14:09.00,45.4927,-123.2280,92,135.0545,14.0000
2021-03-03T00:14:10.00,45.4927,-123.2280,92,142.0836,14.0000
2021-03-03T00:14:11.00,45.4927,-123.2280,92,149.0802,14.0000
2021-03-03T00:14:12.00,45.4927,-123.2280,92,152.8383,14.0000
2021-03-03T00:14:13.00,45.4927,-123.2279,92,153.9872,14.0000
2021-03-03T00:14:14.00,45.4927,-123.2279,92,151.2515,14.0000
2021-03-03T00:14:15.00,45.4927,-123.2279,92,144.6786,14.0000
2021-03-03T00:14:16.00,45.4926,-123.2279,92,137.5434,14.0000
2021-03-03T00:14:17.00,45.4926,-123.2279,92,131.5327,14.0000
2021-03-03T00:14:18.00,45.4926,-123.2279,92,130.1283,14.0000
2021-03-03T00:14:19.00,45.4926,-123.2279,92,132.8302,14.0000
2021-03-03T00:14:20.00,45.4926,-123.2279,92,138.5315,14.0000
2021-03-03T00:14:21.00,45.4926,-123.2278,92,145.1880,14.0000
2021-03-03T00:14:22.00,45.4926,-123.2278,92,149.3281,14.0000
2021-03-03T00:14:23.00,45.4926,-123.2278,92,152.1811,14.0000
2021-03-03T00:14:24.00,45.4926,-123.2278,92,151.6520,14.0000
2021-03-03T00:14:25.00,45.4926,-123.2278,92,149.2268,14.0000
2021-03-03T00:14:26.00,45.4925,-123.2278,92,145.6757,14.0000
2021-03-03T00:14:27.00,45.4925,-123.2278,92,138.8255,14.0000
2021-03-03T00:14:28.00,45.4925,-123.2278,92,133.4114,14.0000
2021-03-03T00:14:29.00,45.4925,-123.2277,92,132.1034,14.0000
2021-03-03T00:14:30.00,45.4925,-123.2277,92,135.0249,14.0000
2021-03-03T00:14:31.00,45.4925,-123.2277,92,140.8439,14.0000
2021-03-03T00:14:32.00,45.4925,-123.2277,92,147.6343,14.0000
2021-03-03T00:14:33.00,45.4925,-123.2277,92,149.1326,14.0000
2021-03-03T00:14:34.00,45.4925,-123.2277,92,153.4506,14.0000
2021-03-03T00:14:35.00,45.4924,-123.2277,92,155.2323,14.0000
2021-03-03T00:14:36.00,45.4924,-123.2277,92,153.8104,14.0000
2021-03-03T00:14:37.00,45.4924,-123.2277,92,150.2121,14.0000
2021-03-03T00:14:38.00,45.4924,-123.2277,92,140.2299,14.0000
2021-03-03T00:14:39.00,45.4924,-123.2276,92,131.9482,14.0000
2021-03-03T00:14:40.00,45.4924,-123.2276,92,128.9885,14.0000
2021-03-03T00:14:41.00,45.4924,-123.2276,92,131.7107,14.0000
2021-03-03T00:14:42.00,45.4924,-123.2276,92,137.4926,14.0000
2021-03-03T00:14:43.00,45.4924,-123.2276,92,144.2213,14.0000
2021-03-03T00:14:44.00,45.4923,-123.2276,92,149.4478,14.0000
2021-03-03T00:14:45.00,45.4923,-123.2275,92,151.1149,14.0000
2021-03-03T00:14:46.00,45.4923,-123.2275,92,149.9928,14.0000
2021-03-03T00:14:47.00,45.4923,-123.2275,92,147.0846,14.0000
2021-03-03T00:14:48.00,45.4923,-123.2275,92,142.2544,14.0000
2021-03-03T00:14:49.00,45.4923,-123.2275,92,136.7071,14.0000
2021-03-03T00:14:50.00,45.4923,-123.2275,92,133.2558,14.0000
2021-03-03T00:14:51.00,45.4923,-123.2275,92,134.4354,14.0000
2021-03-03T00:14:52.00,45.4922,-123.2275,92,138.0046,14.0000
2021-03-03T00:14:53.00,45.4922,-123.2275,92,143.7072,14.0000
2021-03-03T00:14:54.00,45.4922,-123.2274,92,150.4865,14.0000
2021-03-03T00:14:55.00,45.4922,-123.2274,92,154.4242,14.0000
2021-03-03T00:14:56.00,45.4922,-123.2274,92,156.7928,14.0000
2021-03-03T00:14:57.00,45.4922,-123.2274,92,154.6491,14.0000
2021-03-03T00:14:58.00,45.4922,-123.2274,92,149.7879,14.0000
2021-03-03T00:14:59.00,45.4922,-123.2274,92,139.7073,14.0000
2021-03-03T00:15:00.00,45.4922,-123.2274,92,131.2652,14.0000
2021-03-03T00:15:01.00,45.4922,-123.2274,92,127.7907,14.0000
2021-03-03T00:15:02.00,45.4921,-123.2274,92,128.8579,14.0000
2021-03-03T00:15:03.00,45.4921,-123.2273,92,134.2064,14.0000
2021-03-03T00:15:04.00,45.4921,-123.2273,92,140.4587,14.0000
2021-03-03T00:15:05.00,45.4921,-123.2273,92,146.1369,14.0000
2021-03-03T00:15:06.00,45.4921,-123.2273,92,150.1535,14.0000
2021-03-03T00:15:07.00,45.4921,-123.2273,92,152.9736,14.0000
2021-03-03T00:15:08.00,45.4921,-123.2273,92,154.9100,14.0000
2021-03-03T00:15:09.00,45.4921,-123.2273,92,155.8342,14.0000
2021-03-03T00:15:10.00,45.4921,-123.2272,92,155.0239,14.0000
2021-03-03T00:15:11.00,45.4920,-123.2272,92,151.1237,14.0000
2021-03-03T00:15:12.00,45.4920,-123.2272,92,142.3809,14.0000
2021-03-03T00:15:13.00,45.4920,-123.2272,92,132.7657,14.0000
2021-03-03T00:15:14.00,45.4920,-123.2272,92,127.6386,14.0000
2021-03-03T00:15:15.00,45.4920,-123.2272,92,128.7595,14.0000
2021-03-03T00:15:16.00,45.4920,-123.2271,92,134.6684,14.0000
2021-03-03T00:15:17.00,45.4920,-123.2271,92,140.0827,14.0000
2021-03-03T00:15:18.00,45.4920,-123.2271,92,143.6615,14.0000
2021-03-03T00:15:19.00,45.4920,-123.2271,92,143.5675,14.0000
2021-03-03T00:15:20.00,45.4920,-123.2271,92,141.8098,14.0000
2021-03-03T00:15:21.00,45.4920,-123.2271,92,139.4972,14.0000
2021-03-03T00:15:22.00,45.4919,-123.2271,92,138.4366,14.0000
2021-03-03T00:15:23.00,45.4919,-123.2271,92,139.1488,14.0000
2021-03-03T00:15:24.00,45.4919,-123.2270,92,141.0822,14.0000
2021-03-03T00:15:25.00,45.4919,-123.2270,92,143.8745,14.0000
2021-03-03T00:15:26.00,45.4919,-123.2270,92,147.2281,14.0000
2021-03-03T00:15:27.00,45.4919,-123.2270,92,149.8535,14.0000
2021-03-03T00:15:28.00,45.4919,-123.2270,92,152.3472,14.0000
2021-03-03T00:15:29.00,45.4919,-123.2270,92,153.0320,14.0000
2021-03-03T00:15:30.00,45.4918,-123.2270,92,152.7156,14.0000
2021-03-03T00:15:31.00,45.4918,-123.2270,92,148.8900,14.0000
2021-03-03T00:15:32.00,45.4918,-123.2270,92,142.3716,14.0000
2021-03-03T00:15:33.00,45.4918,-123.2270,92,135.3144,14.0000
2021-03-03T00:15:34.00,45.4918,-123.2269,92,130.5266,14.0000
2021-03-03T00:15:35.00,45.4918,-123.2269,92,131.8833,14.0000
2021-03-03T00:15:36.00,45.4918,-123.2269,92,137.3280,14.0000
2021-03-03T00:15:37.00,45.4918,-123.2269,92,145.3765,14.0000
2021-03-03T00:15:38.00,45.4918,-123.2269,92,152.0638,14.0000
2021-03-03T00:15:39.00,45.4918,-123.2269,92,155.0391,14.0000
2021-03-03T00:15:40.00,45.4917,-123.2269,92,155.2928,14.0000
2021-03-03T00:15:41.00,45.4917,-123.2269,92,151.8290,14.0000
2021-03-03T00:15:42.00,45.4917,-123.2268,92,142.3899,14.0000
2021-03-03T00:15:43.00,45.4917,-123.2268,92,132.5638,14.0000
2021-03-03T00:15:44.00,45.4917,-123.2268,92,126.8635,14.0000
2021-03-03T00:15:45.00,45.4917,-123.2268,92,127.7040,14.0000
2021-03-03T00:15:46.00,45.4917,-123.2268,92,132.0493,14.0000
2021-03-03T00:15:47.00,45.4917,-123.2268,92,137.9165,14.0000
2021-03-03T00:15:48.00,45.4917,-123.2268,92,142.3237,14.0000
2021-03-03T00:15:49.00,45.4916,-123.2267,92,144.6283,14.0000
2021-03-03T00:15:50.00,45.4916,-123.2267,92,144.6103,14.0000
2021-03-03T00:15:51.00,45.4916,-123.2267,92,143.8133,14.0000
2021-03-03T00:15:52.00,45.4916,-123.2267,92,142.0458,14.0000
2021-03-03T00:15:53.00,45.4916,-123.2267,92,141.8357,14.0000
2021-03-03T00:15:54.00,45.4916,-123.2267,92,141.6943,14.0000
2021-03-03T00:15:55.00,45.4916,-123.2267,92,143.4201,14.0000
2021-03-03T00:15:56.00,45.4916,-123.2267,92,144.6624,14.0000
2021-03-03T00:15:57.00,45.4915,-123.2266,92,149.4745,14.0000
2021-03-03T00:15:58.00,45.4915,-123.2266,92,150.6104,14.0000
2021-03-03T00:15:59.00,45.4915,-123.2266,92,153.7986,14.0000
2021-03-03T00:16:00.00,45.4915,-123.2266,92,155.2516,14.0000
2021-03-03T00:16:01.00,45.4915,-123.2266,92,153.8226,14.0000
2021-03-03T00:16:02.00,45.4915,-123.2266,92,150.5499,14.0000
2021-03-03T00:16:03.00,45.4915,-123.2266,92,136.7956,14.0000
2021-03-03T00:16:04.00,45.4915,-123.2266,92,128.3652,14.0000
2021-03-03T00:16:05.00,45.4915,-123.2266,92,124.8392,14.0000
2021-03-03T00:16:06.00,45.4914,-123.2265,92,126.7266,14.0000
2021-03-03T00:16:07.00,45.4914,-123.2265,92,132.6199,14.0000
2021-03-03T00:16:08.00,45.4914,-123.2265,92,139.1145,14.0000
2021-03-03T00:16:09.00,45.4914,-123.2265,92,143.5877,14.0000
2021-03-03T00:16:10.00,45.4914,-123.2265,92,145.3007,14.0000
2021-03-03T00:16:11.00,45.4914,-123.2265,92,144.7814,14.0000
2021-03-03T00:16:12.00,45.4914,-123.2265,92,142.8706,14.0000
2021-03-03T00:16:13.00,45.4914,-123.2265,92,141.2108,14.0000
2021-03-03T00:16:14.00,45.4914,-123.2264,92,139.7789,14.0000
2021-03-03T00:16:15.00,45.4913,-123.2264,92,138.3155,14.0000
2021-03-03T00:16:16.00,45.4913,-123.2264,92,140.0599,14.0000
2021-03-03T00:16:17.00,45.4913,-123.2264,92,142.8390,14.0000
2021-03-03T00:16:18.00,45.4913,-123.2264,92,148.5197,14.0000
2021-03-03T00:16:19.00,45.4913,-123.2264,92,152.3611,14.0000
2021-03-03T00:16:20.00,45.4913,-123.2264,92,154.7053,14.0000
2021-03-03T00:16:21.00,45.4913,-123.2264,92,153.8374,14.0000
2021-03-03T00:16:22.00,45.4913,-123.2264,92,149.3572,14.0000
2021-03-03T00:16:23.00,45.4913,-123.2263,92,139.7505,14.0000
2021-03-03T00:16:24.00,45.4912,-123.2263,92,130.0028,14.0000
2021-03-03T00:16:25.00,45.4912,-123.2263,92,122.1904,14.0000
2021-03-03T00:16:26.00,45.4912,-123.2263,92,123.9558,14.0000
2021-03-03T00:16:27.00,45.4912,-123.2263,92,124.3553,14.0000
2021-03-03T00:16:28.00,45.4912,-123.2263,92,124.6616,14.0000
2021-03-03T00:16:29.00,45.4912,-123.2262,92,126.2931,14.0000
2021-03-03T00:16:30.00,45.4912,-123.2262,92,127.6215,14.0000
2021-03-03T00:16:31.00,45.4912,-123.2262,92,129.3184,14.0000
2021-03-03T00:16:32.00,45.4912,-123.2262,92,132.7248,14.0000
2021-03-03T00:16:33.00,45.4912,-123.2262,92,136.0370,14.0000
2021-03-03T00:16:34.00,45.4911,-123.2262,92,139.4191,14.0000
2021-03-03T00:16:35.00,45.4911,-123.2262,92,142.4789,14.0000
2021-03-03T00:16:36.00,45.4911,-123.2261,92,145.3487,14.0000
2021-03-03T00:16:37.00,45.4911,-123.2261,92,147.9403,14.0000
2021-03-03T00:16:38.00,45.4911,-123.2261,92,150.0210,14.0000
2021-03-03T00:16:39.00,45.4911,-123.2261,92,151.6350,14.0000
2021-03-03T00:16:40.00,45.4911,-123.2261,92,153.0988,14.0000
2021-03-03T00:16:41.00,45.4911,-123.2261,92,153.9504,14.0000
2021-03-03T00:16:42.00,45.4911,-123.2261,92,154.9312,14.0000
2021-03-03T00:16:43.00,45.4911,-123.2261,92,155.9230,14.0000
2021-03-03T00:16:44.00,45.4910,-123.2261,92,156.7988,14.0000
2021-03-03T00:16:45.00,45.4910,-123.2261,92,157.5833,14.0000
2021-03-03T00:16:46.00,45.4910,-123.2261,92,157.7308,14.0000
2021-03-03T00:16:47.00,45.4910,-123.2260,92,156.2820,14.0000
2021-03-03T00:16:48.00,45.4910,-123.2260,92,151.9081,14.0000
2021-03-03T00:16:49.00,45.4910,-123.2260,92,147.5023,14.0000
2021-03-03T00:16:50.00,45.4910,-123.2260,92,146.7638,14.0000
2021-03-03T00:16:51.00,45.4909,-123.2260,92,146.8270,14.0000
2021-03-03T00:16:52.00,45.4909,-123.2260,92,145.5729,14.0000
2021-03-03T00:16:53.00,45.4909,-123.2260,92,144.4375,14.0000
2021-03-03T00:16:54.00,45.4909,-123.2260,92,143.4757,14.0000
2021-03-03T00:16:55.00,45.4909,-123.2260,92,143.0798,14.0000
2021-03-03T00:16:56.00,45.4909,-123.2259,92,143.8085,14.0000
2021-03-03T00:16:57.00,45.4909,-123.2259,92,144.0844,14.0000
2021-03-03T00:16:58.00,45.4909,-123.2259,92,144.3087,14.0000
2021-03-03T00:16:59.00,45.4909,-123.2259,92,143.4541,14.0000
2021-03-03T00:17:00.00,45.4908,-123.2259,92,142.0241,14.0000
2021-03-03T00:17:01.00,45.4908,-123.2259,92,141.7933,14.0000
2021-03-03T00:17:02.00,45.4908,-123.2259,92,143.0202,14.0000
2021-03-03T00:17:03.00,45.4908,-123.2259,92,144.5316,14.0000
2021-03-03T00:17:04.00,45.4908,-123.2258,92,143.6479,14.0000
2021-03-03T00:17:05.00,45.4908,-123.2258,92,143.8206,14.0000
2021-03-03T00:17:06.00,45.4908,-123.2258,92,144.9516,14.0000
2021-03-03T00:17:07.00,45.4908,-123.2258,92,144.6356,14.0000
2021-03-03T00:17:08.00,45.4907,-123.2258,92,142.7986,14.0000
2021-03-03T00:17:09.00,45.4907,-123.2258,92,141.5060,14.0000
2021-03-03T00:17:10.00,45.4907,-123.2258,92,140.7168,14.0000
2021-03-03T00:17:11.00,45.4907,-123.2258,92,141.1605,14.0000
2021-03-03T00:17:12.00,45.4907,-123.2258,92,142.6173,14.0000
2021-03-03T00:17:13.00,45.4907,-123.2257,92,143.4152,14.0000
2021-03-03T00:17:14.00,45.4907,-123.2257,92,145.4868,14.0000
2021-03-03T00:17:15.00,45.4907,-123.2257,92,148.1719,14.0000
2021-03-03T00:17:16.00,45.4907,-123.2257,92,148.5322,14.0000
2021-03-03T00:17:17.00,45.4907,-123.2257,92,147.2662,14.0000
2021-03-03T00:17:18.00,45.4906,-123.2257,92,136.4435,14.0000
2021-03-03T00:17:19.00,45.4906,-123.2257,92,133.7683,14.0000
2021-03-03T00:17:20.00,45.4906,-123.2257,92,143.5757,14.0000
2021-03-03T00:17:21.00,45.4906,-123.2256,92,141.8282,14.0000
2021-03-03T00:17:22.00,45.4906,-123.2256,92,135.3413,14.0000
2021-03-03T00:17:23.00,45.4906,-123.2256,92,136.8323,14.0000
2021-03-03T00:17:24.00,45.4906,-123.2256,92,144.8391,14.0000
2021-03-03T00:17:25.00,45.4906,-123.2256,92,140.0954,14.0000
2021-03-03T00:17:26.00,45.4905,-123.2256,92,137.4857,14.0000
2021-03-03T00:17:27.00,45.4905,-123.2256,92,144.5377,14.0000
2021-03-03T00:17:28.00,45.4905,-123.2256,92,145.8769,14.0000
2021-03-03T00:17:29.00,45.4905,-123.2255,92,139.7802,14.0000
2021-03-03T00:17:30.00,45.4905,-123.2255,92,139.0931,14.0000
2021-03-03T00:17:31.00,45.4905,-123.2255,92,145.7048,14.0000
2021-03-03T00:17:32.00,45.4905,-123.2255,92,138.4655,14.0000
2021-03-03T00:17:33.00,45.4905,-123.2255,92,139.4475,14.0000
2021-03-03T00:17:34.00,45.4905,-123.2255,92,144.8255,14.0000
2021-03-03T00:17:35.00,45.4905,-123.2255,92,139.7031,14.0000
2021-03-03T00:17:36.00,45.4904,-123.2255,92,138.8217,14.0000
2021-03-03T00:17:37.00,45.4904,-123.2254,92,145.9647,14.0000
2021-03-03T00:17:38.00,45.4904,-123.2254,92,142.0255,14.0000
2021-03-03T00:17:39.00,45.4904,-123.2254,92,142.2182,14.0000
2021-03-03T00:17:40.00,45.4904,-123.2254,92,143.9748,14.0000
2021-03-03T00:17:41.00,45.4904,-123.2254,92,141.5359,14.0000
2021-03-03T00:17:42.00,45.4904,-123.2254,92,138.7278,14.0000
2021-03-03T00:17:43.00,45.4904,-123.2254,92,140.9645,14.0000
2021-03-03T00:17:44.00,45.4903,-123.2254,92,141.5844,14.0000
2021-03-03T00:17:45.00,45.4903,-123.2253,92,137.1035,14.0000
2021-03-03T00:17:46.00,45.4903,-123.2253,92,132.6973,14.0000
2021-03-03T00:17:47.00,45.4903,-123.2253,92,139.2483,14.0000
2021-03-03T00:17:48.00,45.4903,-123.2253,92,141.1469,14.0000
2021-03-03T00:17:49.00,45.4903,-123.2253,92,135.9182,14.0000
2021-03-03T00:17:50.00,45.4903,-123.2253,92,135.7513,14.0000
2021-03-03T00:17:51.00,45.4903,-123.2253,92,140.7489,14.0000
2021-03-03T00:17:52.00,45.4903,-123.2252,92,143.6977,14.0000
2021-03-03T00:17:53.00,45.4903,-123.2252,92,139.3238,14.0000
2021-03-03T00:17:54.00,45.4902,-123.2252,92,139.4252,14.0000
2021-03-03T00:17:55.00,45.4902,-123.2252,92,145.1493,14.0000
2021-03-03T00:17:56.00,45.4902,-123.2252,92,143.7019,14.0000
2021-03-03T00:17:57.00,45.4902,-123.2252,92,142.4205,14.0000
2021-03-03T00:17:58.00,45.4902,-123.2252,92,142.6349,14.0000
2021-03-03T00:17:59.00,45.4902,-123.2252,92,143.1307,14.0000
2021-03-03T00:18:00.00,45.4902,-123.2251,92,143.3146,14.0000
2021-03-03T00:18:01.00,45.4902,-123.2251,92,144.9355,14.0000
2021-03-03T00:18:02.00,45.4902,-123.2251,92,145.0621,14.0000
2021-03-03T00:18:03.00,45.4901,-123.2251,92,143.5367,14.0000
2021-03-03T00:18:04.00,45.4901,-123.2251,92,143.3923,14.0000
2021-03-03T00:18:05.00,45.4901,-123.2251,92,144.1889,14.0000
2021-03-03T00:18:06.00,45.4901,-123.2251,92,141.2594,14.0000
2021-03-03T00:18:07.00,45.4901,-123.2251,92,142.2015,14.0000
2021-03-03T00:18:08.00,45.4901,-123.2251,92,141.7089,14.0000
2021-03-03T00:18:09.00,45.4901,-123.2250,92,141.5172,14.0000
2021-03-03T00:18:10.00,45.4901,-123.2250,92,142.9330,14.0000
2021-03-03T00:18:11.00,45.4900,-123.2250,92,140.9873,14.0000
2021-03-03T00:18:12.00,45.4900,-123.2250,92,143.1840,14.0000
2021-03-03T00:18:13.00,45.4900,-123.2250,92,140.8217,14.0000
2021-03-03T00:18:14.00,45.4900,-123.2250,92,137.0429,14.0000
2021-03-03T00:18:15.00,45.4900,-123.2250,92,133.9355,14.0000
2021-03-03T00:18:16.00,45.4900,-123.2250,92,131.3149,14.0000
2021-03-03T00:18:17.00,45.4900,-123.2250,92,128.9550,14.0000
2021-03-03T00:18:18.00,45.4900,-123.2249,92,126.7621,14.0000
2021-03-03T00:18:19.00,45.4900,-123.2249,92,124.6894,14.0000
2021-03-03T00:18:20.00,45.4900,-123.2249,92,122.9743,14.0000
2021-03-03T00:18:21.00,45.4900,-123.2249,92,121.6725,14.0000
2021-03-03T00:18:22.00,45.4900,-123.2249,92,120.0377,14.0000
2021-03-03T00:18:23.00,45.4900,-123.2249,92,118.3064,14.0000
2021-03-03T00:18:24.00,45.4900,-123.2249,92,116.9483,14.0000
2021-03-03T00:18:25.00,45.4900,-123.2249,92,115.2675,14.0000
2021-03-03T00:18:26.00,45.4900,-123.2249,92,114.3003,14.0000
2021-03-03T00:18:27.00,45.4900,-123.2248,92,112.5623,14.0000
2021-03-03T00:18:28.00,45.4900,-123.2248,92,109.9190,14.0000
2021-03-03T00:18:29.00,45.4900,-123.2248,92,106.9335,14.0000
2021-03-03T00:18:30.00,45.4899,-123.2248,92,101.9494,14.0000
2021-03-03T00:18:31.00,45.4899,-123.2248,92, 98.8027,14.0000
2021-03-03T00:18:32.00,45.4899,-123.2248,92, 96.7168,14.0000
2021-03-03T00:18:33.00,45.4899,-123.2248,92,100.1282,14.0000
2021-03-03T00:18:34.00,45.4899,-123.2248,92, 99.1632,14.0000
2021-03-03T00:18:35.00,45.4899,-123.2248,92, 97.4194,14.0000
2021-03-03T00:18:36.00,45.4899,-123.2248,92, 94.7343,14.0000
2021-03-03T00:18:37.00,45.4899,-123.2248,92, 92.4037,14.0000
2021-03-03T00:18:38.00,45.4899,-123.2248,92, 90.8856,14.0000
2021-03-03T00:18:39.00,45.4899,-123.2248,92, 88.9163,14.0000
2021-03-03T00:18:40.00,45.4899,-123.2248,92, 87.4790,14.0000
2021-03-03T00:18:41.00,45.4899,-123.2248,92, 86.7653,14.0000
2021-03-03T00:18:42.00,45.4899,-123.2248,92, 87.3298,14.0000
2021-03-03T00:18:43.00,45.4899,-123.2248,92, 86.8291,14.0000
2021-03-03T00:18:44.00,45.4899,-123.2248,92, 99.1528,14.0000
2021-03-03T00:18:45.00,45.4899,-123.2248,92,104.8630,14.0000
2021-03-03T00:18:46.00,45.4899,-123.2248,92,101.7797,14.0000
2021-03-03T00:18:47.00,45.4899,-123.2248,92, 95.6497,14.0000
2021-03-03T00:18:48.00,45.4899,-123.2248,92, 92.4339,14.0000
2021-03-03T00:18:49.00,45.4899,-123.2248,92, 92.9905,14.0000
2021-03-03T00:18:50.00,45.4894,-123.2252,92, 99.3918,14.0000
2021-03-03T00:18:51.00,45.4894,-123.2252,92,102.6154,14.0000
2021-03-03T00:18:52.00,45.4894,-123.2252,92,101.2688,14.0000
2021-03-03T00:18:53.00,45.4894,-123.2252,92, 99.6037,14.0000
2021-03-03T00:18:54.00,45.4894,-123.2252,92, 95.4809,14.0000
2021-03-03T00:18:55.00,45.4894,-123.2252,92, 93.9968,14.0000
2021-03-03T00:18:56.00,45.4894,-123.2252,92, 97.3630,14.0000
2021-03-03T00:18:57.00,45.4894,-123.2252,92, 99.4762,14.0000
2021-03-03T00:18:58.00,45.4894,-123.2252,92, 99.0296,14.0000
2021-03-03T00:18:59.00,45.4894,-123.2252,92, 97.3601,14.0000
2021-03-03T00:19:00.00,45.4894,-123.2252,92, 96.3119,14.0000
2021-03-03T00:19:01.00,45.4894,-123.2252,92, 94.4505,14.0000
2021-03-03T00:19:02.00,45.4894,-123.2252,92, 94.2319,14.0000
2021-03-03T00:19:03.00,45.4894,-123.2252,92, 94.6569,14.0000
2021-03-03T00:19:04.00,45.4894,-123.2252,92, 95.0913,14.0000
2021-03-03T00:19:05.00,45.4894,-123.2252,92, 96.7250,14.0000
2021-03-03T00:19:06.00,45.4894,-123.2252,92, 96.1761,14.0000
2021-03-03T00:19:07.00,45.4894,-123.2252,92, 96.1590,14.0000
2021-03-03T00:19:08.00,45.4894,-123.2252,92, 96.0900,14.0000
2021-03-03T00:19:09.00,45.4894,-123.2252,92, 94.3906,14.0000
2021-03-03T00:19:10.00,45.4894,-123.2252,92, 94.1047,14.0000
2021-03-03T00:19:11.00,45.4894,-123.2252,92, 97.5015,14.0000
2021-03-03T00:19:12.00,45.4894,-123.2252,92, 97.5461,14.0000
2021-03-03T00:19:13.00,45.4894,-123.2252,92, 94.8351,14.0000
2021-03-03T00:19:14.00,45.4894,-123.2252,92, 93.0761,14.0000
2021-03-03T00:19:15.00,45.4894,-123.2252,92, 92.0421,14.0000
2021-03-03T00:19:16.00,45.4894,-123.2252,92, 90.1012,14.0000
2021-03-03T00:19:17.00,45.4894,-123.2252,92, 89.0252,14.0000
2021-03-03T00:19:18.00,45.4894,-123.2252,92, 87.4912,14.0000
2021-03-03T00:19:19.00,45.4894,-123.2252,92, 86.3305,14.0000
2021-03-03T00:19:20.00,45.4894,-123.2252,92, 83.7322,14.0000
2021-03-03T00:19:21.00,45.4894,-123.2252,92, 82.4599,14.0000
2021-03-03T00:19:22.00,45.4894,-123.2252,92, 80.8062,14.0000
2021-03-03T00:19:23.00,45.4894,-123.2252,92, 78.7993,14.0000
2021-03-03T00:19:24.00,45.4894,-123.2252,92, 80.3894,14.0000
2021-03-03T00:19:25.00,45.4894,-123.2252,92, 77.7462,14.0000
2021-03-03T00:19:26.00,45.4894,-123.2252,92, 73.8191,14.0000
2021-03-03T00:19:27.00,45.4894,-123.2252,92, 66.2606,14.0000
2021-03-03T00:19:28.00,45.4894,-123.2252,92, 67.4718,14.0000
2021-03-03T00:19:29.00,45.4894,-123.2252,92, 62.9108,14.0000
2021-03-03T00:19:30.00,45.4894,-123.2252,92, 63.4490,14.0000
2021-03-03T00:19:31.00,45.4894,-123.2252,92, 61.6608,14.0000
2021-03-03T00:19:32.00,45.4894,-123.2252,92, 57.8817,14.0000
2021-03-03T00:19:33.00,45.4894,-123.2252,92, 64.0563,14.0000
2021-03-03T00:19:34.00,45.4894,-123.2252,92, 60.8057,14.0000
2021-03-03T00:19:35.00,45.4894,-123.2252,92, 55.6040,14.0000
2021-03-03T00:19:36.00,45.4894,-123.2252,92, 56.1800,14.0000
2021-03-03T00:19:37.00,45.4894,-123.2252,92, 52.7451,14.0000
2021-03-03T00:19:38.00,45.4894,-123.2252,92, 49.5014,14.0000
2021-03-03T00:19:39.00,45.4894,-123.2252,92, 53.2034,14.0000
2021-03-03T00:19:40.00,45.4894,-123.2252,92, 52.7511,14.0000
2021-03-03T00:19:41.00,45.4894,-123.2252,92, 52.1175,14.0000
2021-03-03T00:19:42.00,45.4894,-123.2252,92, 51.1589,14.0000
2021-03-03T00:19:43.00,45.4894,-123.2252,92, 46.9096,14.0000
2021-03-03T00:19:44.00,45.4894,-123.2252,92, 48.6197,14.0000
2021-03-03T00:19:45.00,45.4894,-123.2252,92, 48.2026,14.0000
2021-03-03T00:19:46.00,45.4894,-123.2252,92, 43.5946,14.0000
2021-03-03T00:19:47.00,45.4894,-123.2252,92, 34.8992,14.0000
2021-03-03T00:19:48.00,45.4894,-123.2252,92, 37.1346,14.0000
2021-03-03T00:19:49.00,45.4894,-123.2252,92, 43.0585,14.0000
2021-03-03T00:19:50.00,45.4894,-123.2252,92, 37.1773,14.0000
2021-03-03T00:19:51.00,45.4894,-123.2252,92, 38.9009,14.0000
2021-03-03T00:19:52.00,45.4894,-123.2252,92, 37.4557,14.0000
2021-03-03T00:19:53.00,45.4894,-123.2252,92, 31.7910,14.0000
2021-03-03T00:19:54.00,45.4894,-123.2252,92, 33.8679,14.0000
2021-03-03T00:19:55.00,45.4894,-123.2252,92, 30.7055,14.0000
2021-03-03T00:19:56.00,45.4894,-123.2252,92, 38.7526,14.0000
2021-03-03T00:19:57.00,45.4894,-123.2252,92, 33.7059,14.0000
2021-03-03T00:19:58.00,45.4894,-123.2252,92, 37.3074,14.0000
2021-03-03T00:19:59.00,45.4894,-123.2252,92, 37.4347,14.0000
2021-03-03T00:20:00.00,45.4894,-123.2252,92, 32.5780,14.0000
2021-03-03T00:20:01.00,45.4894,-123.2252,92, 37.8608,14.0000
2021-03-03T00:20:02.00,45.4894,-123.2252,92, 33.7725,14.0000
2021-03-03T00:20:03.00,45.4894,-123.2252,92, 35.8154,14.0000
2021-03-03T00:20:04.00,45.4894,-123.2252,92, 39.2090,14.0000
2021-03-03T00:20:05.00,45.4894,-123.2252,92, 38.3491,14.0000
2021-03-03T00:20:06.00,45.4894,-123.2252,92, 38.6096,14.0000
2021-03-03T00:20:07.00,45.4894,-123.2252,92, 40.9383,14.0000
2021-03-03T00:20:08.00,45.4894,-123.2252,92, 38.1928,14.0000
2021-03-03T00:20:09.00,45.4894,-123.2252,92, 42.8591,14.0000
2021-03-03T00:20:10.00,45.4894,-123.2252,92, 36.8935,14.0000
2021-03-03T00:20:11.00,45.4894,-123.2252,92, 37.9322,14.0000
2021-03-03T00:20:12.00,45.4894,-123.2252,92, 37.5647,14.0000
2021-03-03T00:20:13.00,45.4894,-123.2252,92, 38.2798,14.0000
2021-03-03T00:20:14.00,45.4894,-123.2252,92, 41.4047,14.0000
2021-03-03T00:20:15.00,45.4894,-123.2252,92, 43.5619,14.0000
2021-03-03T00:20:16.00,45.4894,-123.2252,92, 45.2531,14.0000
2021-03-03T00:20:17.00,45.4894,-123.2252,92, 55.4010,14.0000
2021-03-03T00:20:18.00,45.4894,-123.2252,92, 58.3456,14.0000
2021-03-03T00:20:19.00,45.4894,-123.2252,92, 60.4495,14.0000
2021-03-03T00:20:20.00,45.4894,-123.2252,92, 58.8582,14.0000
2021-03-03T00:20:21.00,45.4894,-123.2252,92, 64.3571,14.0000
2021-03-03T00:20:22.00,45.4894,-123.2252,92, 65.7784,14.0000
2021-03-03T00:20:23.00,45.4894,-123.2252,92, 66.6095,14.0000
2021-03-03T00:20:24.00,45.4894,-123.2252,92, 68.1274,14.0000
2021-03-03T00:20:25.00,45.4894,-123.2252,92, 66.6184,14.0000
2021-03-03T00:20:26.00,45.4894,-123.2252,92, 67.8054,14.0000
2021-03-03T00:20:27.00,45.4894,-123.2252,92, 70.3785,14.0000
2021-03-03T00:20:28.00,45.4894,-123.2252,92, 70.6688,14.0000
2021-03-03T00:20:29.00,45.4894,-123.2252,92, 71.4405,14.0000
2021-03-03T00:20:30.00,45.4894,-123.2252,92, 76.1907,14.0000
2021-03-03T00:20:31.00,45.4894,-123.2252,92, 75.2667,14.0000
2021-03-03T00:20:32.00,45.4894,-123.2252,92, 77.5345,14.0000
2021-03-03T00:20:33.00,45.4894,-123.2252,92, 79.0177,14.0000
2021-03-03T00:20:34.00,45.4894,-123.2252,92, 80.5876,14.0000
2021-03-03T00:20:35.00,45.4894,-123.2252,92, 82.0290,14.0000
2021-03-03T00:20:36.00,45.4894,-123.2253,92, 87.2099,14.0000
2021-03-03T00:20:37.00,45.4894,-123.2253,92, 84.8722,14.0000
2021-03-03T00:20:38.00,45.4894,-123.2253,92, 84.4245,14.0000
2021-03-03T00:20:39.00,45.4894,-123.2253,92, 83.6881,14.0000
2021-03-03T00:20:40.00,45.4894,-123.2253,92, 83.3626,14.0000
2021-03-03T00:20:41.00,45.4894,-123.2253,92, 83.7287,14.0000
2021-03-03T00:20:42.00,45.4894,-123.2253,92, 83.9794,14.0000
2021-03-03T00:20:43.00,45.4894,-123.2253,92, 84.7372,14.0000
2021-03-03T00:20:44.00,45.4894,-123.2253,92, 82.6191,14.0000
2021-03-03T00:20:45.00,45.4894,-123.2253,92, 82.6249,14.0000
2021-03-03T00:20:46.00,45.4894,-123.2253,92, 79.6013,14.0000
2021-03-03T00:20:47.00,45.4894,-123.2253,92, 77.8972,14.0000
2021-03-03T00:20:48.00,45.4894,-123.2253,92, 77.3665,14.0000
2021-03-03T00:20:49.00,45.4894,-123.2253,92, 76.8085,14.0000
2021-03-03T00:20:50.00,45.4894,-123.2253,92, 75.6319,14.0000
2021-03-03T00:20:51.00,45.4894,-123.2253,92, 78.8468,14.0000
2021-03-03T00:20:52.00,45.4894,-123.2253,92, 78.5971,14.0000
2021-03-03T00:20:53.00,45.4894,-123.2253,92, 70.7584,14.0000
2021-03-03T00:20:54.00,45.4894,-123.2253,92, 70.2208,14.0000
2021-03-03T00:20:55.00,45.4894,-123.2253,92, 70.6933,14.0000
2021-03-03T00:20:56.00,45.4894,-123.2253,92, 72.1452,14.0000
2021-03-03T00:20:57.00,45.4894,-123.2253,92, 73.7604,14.0000
2021-03-03T00:20:58.00,45.4894,-123.2253,92, 73.4745,14.0000
2021-03-03T00:20:59.00,45.4894,-123.2253,92, 76.0947,14.0000
2021-03-03T00:21:00.00,45.4894,-123.2253,92, 74.3343,14.0000
2021-03-03T00:21:01.00,45.4894,-123.2253,92, 74.1566,14.0000
2021-03-03T00:21:02.00,45.4894,-123.2253,92, 69.8212,14.0000
2021-03-03T00:21:03.00,45.4894,-123.2253,92, 69.0640,14.0000
2021-03-03T00:21:04.00,45.4894,-123.2253,92, 67.5019,14.0000
2021-03-03T00:21:05.00,45.4894,-123.2253,92, 67.7614,14.0000
2021-03-03T00:21:06.00,45.4894,-123.2253,92, 69.8013,14.0000
2021-03-03T00:21:07.00,45.4894,-123.2253,92, 69.8729,14.0000
2021-03-03T00:21:08.00,45.4894,-123.2253,92, 68.1587,14.0000
2021-03-03T00:21:09.00,45.4894,-123.2253,92, 68.8053,14.0000
2021-03-03T00:21:10.00,45.4894,-123.2253,92, 67.1636,14.0000
2021-03-03T00:21:11.00,45.4893,-123.2253,92, 63.1161,14.0000
2021-03-03T00:21:12.00,45.4893,-123.2253,92, 63.3417,14.0000
2021-03-03T00:21:13.00,45.4893,-123.2253,92, 62.7682,14.0000
2021-03-03T00:21:14.00,45.4893,-123.2253,92, 62.1480,14.0000
2021-03-03T00:21:15.00,45.4893,-123.2253,92, 66.5548,14.0000
2021-03-03T00:21:16.00,45.4893,-123.2253,92, 64.9943,14.0000
2021-03-03T00:21:17.00,45.4893,-123.2253,92, 56.9225,14.0000
2021-03-03T00:21:18.00,45.4893,-123.2253,92, 59.1190,14.0000
2021-03-03T00:21:19.00,45.4893,-123.2253,92, 57.4760,14.0000
