UTC00,Latitude,Longitude,Elevation,Heading,DepthBelowTransducer
2020-11-08T23:32:47.00,46.5099,-122.5687,0,0,0
2020-11-08T23:32:48.00,46.5099,-122.5687,0,0,0
2020-11-08T23:32:49.00,46.5099,-122.5687,0,0,0
2020-11-08T23:32:50.00,46.5099,-122.5687,0,0,0
2020-11-08T23:32:51.00,46.5099,-122.5687,0,0,0
2020-11-08T23:32:52.00,46.5099,-122.5687,0,0,0
2020-11-08T23:32:53.00,46.5100,-122.5687,0,0,0
2020-11-08T23:32:54.00,46.5100,-122.5687,0,0,0
2020-11-08T23:32:55.00,46.5100,-122.5687,0,0,0
2020-11-08T23:32:56.00,46.5100,-122.5687,0,0,0
2020-11-08T23:32:57.00,46.5100,-122.5687,0,0,0
2020-11-08T23:32:58.00,46.5100,-122.5687,0,0,0
2020-11-08T23:32:59.00,46.5101,-122.5687,0,0,0
2020-11-08T23:33:00.00,46.5101,-122.5687,0,0,0
2020-11-08T23:33:01.00,46.5101,-122.5687,0,0,0
2020-11-08T23:33:02.00,46.5101,-122.5687,0,0,0
2020-11-08T23:33:03.00,46.5102,-122.5687,0,0,0
2020-11-08T23:33:04.00,46.5102,-122.5687,0,0,0
2020-11-08T23:33:05.00,46.5102,-122.5687,0,0,0
2020-11-08T23:33:06.00,46.5102,-122.5687,0,0,0
2020-11-08T23:33:07.00,46.5102,-122.5687,0,0,0
2020-11-08T23:33:08.00,46.5102,-122.5687,0,0,0
2020-11-08T23:33:09.00,46.5102,-122.5687,0,0,0
2020-11-08T23:33:10.00,46.5103,-122.5687,0,0,0
2020-11-08T23:33:11.00,46.5103,-122.5687,0,0,0
2020-11-08T23:33:12.00,46.5103,-122.5687,0,0,0
2020-11-08T23:33:13.00,46.5103,-122.5687,0,0,0
2020-11-08T23:33:14.00,46.5103,-122.5687,0,0,0
2020-11-08T23:33:15.00,46.5104,-122.5686,0,0,0
2020-11-08T23:33:16.00,46.5104,-122.5686,0,0,0
2020-11-08T23:33:17.00,46.5104,-122.5686,0,0,0
2020-11-08T23:33:18.00,46.5104,-122.5686,0,0,0
2020-11-08T23:33:19.00,46.5104,-122.5686,0,0,0
2020-11-08T23:33:20.00,46.5104,-122.5686,0,0,0
2020-11-08T23:33:21.00,46.5105,-122.5686,0,0,0
2020-11-08T23:33:22.00,46.5105,-122.5686,0,0,0
2020-11-08T23:33:23.00,46.5105,-122.5686,0,0,0
2020-11-08T23:33:24.00,46.5105,-122.5685,0,0,0
2020-11-08T23:33:25.00,46.5105,-122.5685,0,0,0
2020-11-08T23:33:26.00,46.5105,-122.5685,0,0,0
2020-11-08T23:33:27.00,46.5106,-122.5685,0,0,0
2020-11-08T23:33:28.00,46.5106,-122.5685,0,0,0
2020-11-08T23:33:29.00,46.5106,-122.5685,0,0,0
2020-11-08T23:33:30.00,46.5106,-122.5685,0,0,0
2020-11-08T23:33:31.00,46.5106,-122.5685,0,0,0
2020-11-08T23:33:32.00,46.5106,-122.5684,0,0,0
2020-11-08T23:33:33.00,46.5107,-122.5684,0,0,0
2020-11-08T23:33:34.00,46.5107,-122.5684,0,0,0
2020-11-08T23:33:35.00,46.5107,-122.5684,0,0,0
2020-11-08T23:33:36.00,46.5107,-122.5684,0,0,0
2020-11-08T23:33:37.00,46.5107,-122.5684,0,0,0
2020-11-08T23:33:38.00,46.5107,-122.5684,0,0,0
2020-11-08T23:33:39.00,46.5108,-122.5683,0,0,0
2020-11-08T23:33:40.00,46.5108,-122.5683,0,0,0
2020-11-08T23:33:41.00,46.5108,-122.5683,0,0,0
2020-11-08T23:33:42.00,46.5108,-122.5683,0,0,0
2020-11-08T23:33:43.00,46.5108,-122.5683,0,0,0
2020-11-08T23:33:44.00,46.5108,-122.5683,0,0,0
2020-11-08T23:33:45.00,46.5108,-122.5682,0,0,0
2020-11-08T23:33:46.00,46.5109,-122.5682,0,0,0
2020-11-08T23:33:47.00,46.5109,-122.5682,0,0,0
2020-11-08T23:33:48.00,46.5109,-122.5682,0,0,0
2020-11-08T23:33:49.00,46.5109,-122.5682,0,0,0
2020-11-08T23:33:50.00,46.5109,-122.5682,0,0,0
2020-11-08T23:33:51.00,46.5110,-122.5682,0,0,0
2020-11-08T23:33:52.00,46.5110,-122.5682,0,0,0
2020-11-08T23:33:53.00,46.5110,-122.5681,0,0,0
2020-11-08T23:33:54.00,46.5110,-122.5681,0,0,0
2020-11-08T23:33:55.00,46.5110,-122.5681,0,0,0
2020-11-08T23:33:56.00,46.5110,-122.5681,0,0,0
2020-11-08T23:33:57.00,46.5110,-122.5681,0,0,0
2020-11-08T23:33:58.00,46.5111,-122.5681,0,0,0
2020-11-08T23:33:59.00,46.5111,-122.5681,0,0,0
2020-11-08T23:34:00.00,46.5111,-122.5681,0,0,0
2020-11-08T23:34:01.00,46.5111,-122.5680,0,0,0
2020-11-08T23:34:02.00,46.5111,-122.5680,0,0,0
2020-11-08T23:34:03.00,46.5112,-122.5680,0,0,0
2020-11-08T23:34:04.00,46.5112,-122.5680,0,0,0
2020-11-08T23:34:05.00,46.5112,-122.5680,0,0,0
2020-11-08T23:34:06.00,46.5112,-122.5681,0,0,0
2020-11-08T23:34:07.00,46.5112,-122.5681,0,0,0
2020-11-08T23:34:08.00,46.5112,-122.5681,0,0,0
2020-11-08T23:34:09.00,46.5112,-122.5681,0,0,0
2020-11-08T23:34:10.00,46.5112,-122.5682,0,0,0
2020-11-08T23:34:11.00,46.5112,-122.5682,0,0,0
2020-11-08T23:34:12.00,46.5113,-122.5682,0,0,0
2020-11-08T23:34:13.00,46.5112,-122.5682,0,0,0
2020-11-08T23:34:14.00,46.5112,-122.5683,0,0,0
2020-11-08T23:34:15.00,46.5112,-122.5683,0,0,0
2020-11-08T23:34:16.00,46.5112,-122.5683,0,0,0
2020-11-08T23:34:17.00,46.5112,-122.5683,0,0,0
2020-11-08T23:34:18.00,46.5112,-122.5683,0,0,0
2020-11-08T23:34:19.00,46.5112,-122.5683,0,0,0
2020-11-08T23:34:20.00,46.5112,-122.5683,0,0,0
2020-11-08T23:34:21.00,46.5111,-122.5683,0,0,0
2020-11-08T23:34:22.00,46.5111,-122.5683,0,0,0
2020-11-08T23:34:23.00,46.5111,-122.5683,0,0,0
2020-11-08T23:34:24.00,46.5111,-122.5683,0,0,0
2020-11-08T23:34:25.00,46.5110,-122.5683,0,0,0
2020-11-08T23:34:26.00,46.5110,-122.5683,0,0,0
2020-11-08T23:34:27.00,46.5110,-122.5683,0,0,0
2020-11-08T23:34:28.00,46.5110,-122.5683,0,0,0
2020-11-08T23:34:29.00,46.5110,-122.5684,0,0,0
2020-11-08T23:34:30.00,46.5110,-122.5684,0,0,0
2020-11-08T23:34:31.00,46.5109,-122.5684,0,0,0
2020-11-08T23:34:32.00,46.5109,-122.5684,0,0,0
2020-11-08T23:34:33.00,46.5109,-122.5684,0,0,0
2020-11-08T23:34:34.00,46.5109,-122.5684,0,0,0
2020-11-08T23:34:35.00,46.5109,-122.5684,0,0,0
2020-11-08T23:34:36.00,46.5108,-122.5684,0,0,0
2020-11-08T23:34:37.00,46.5108,-122.5684,0,0,0
2020-11-08T23:34:38.00,46.5108,-122.5684,0,0,0
2020-11-08T23:34:39.00,46.5108,-122.5684,0,0,0
2020-11-08T23:34:40.00,46.5108,-122.5684,0,0,0
2020-11-08T23:34:41.00,46.5108,-122.5684,0,0,0
2020-11-08T23:34:42.00,46.5107,-122.5684,0,0,0
2020-11-08T23:34:43.00,46.5107,-122.5684,0,0,0
2020-11-08T23:34:44.00,46.5107,-122.5684,0,0,0
2020-11-08T23:34:45.00,46.5107,-122.5684,0,0,0
2020-11-08T23:34:46.00,46.5107,-122.5684,0,0,0
2020-11-08T23:34:47.00,46.5106,-122.5684,0,0,0
2020-11-08T23:34:48.00,46.5106,-122.5684,0,0,0
2020-11-08T23:34:49.00,46.5106,-122.5684,0,0,0
2020-11-08T23:34:50.00,46.5106,-122.5684,0,0,0
2020-11-08T23:34:51.00,46.5106,-122.5684,0,0,0
2020-11-08T23:34:52.00,46.5106,-122.5684,0,0,0
2020-11-08T23:34:53.00,46.5105,-122.5684,0,0,0
2020-11-08T23:34:54.00,46.5105,-122.5684,0,0,0
2020-11-08T23:34:55.00,46.5105,-122.5684,0,0,0
2020-11-08T23:34:56.00,46.5105,-122.5684,0,0,0
2020-11-08T23:34:57.00,46.5104,-122.5684,0,0,0
2020-11-08T23:34:58.00,46.5104,-122.5684,0,0,0
2020-11-08T23:34:59.00,46.5104,-122.5684,0,0,0
2020-11-08T23:35:00.00,46.5104,-122.5684,0,0,0
2020-11-08T23:35:01.00,46.5104,-122.5684,0,0,0
2020-11-08T23:35:02.00,46.5104,-122.5684,0,0,0
2020-11-08T23:35:03.00,46.5103,-122.5684,0,0,0
2020-11-08T23:35:04.00,46.5103,-122.5684,0,0,0
2020-11-08T23:35:05.00,46.5103,-122.5684,0,0,0
2020-11-08T23:35:06.00,46.5103,-122.5684,0,0,0
2020-11-08T23:35:07.00,46.5103,-122.5684,0,0,0
2020-11-08T23:35:08.00,46.5102,-122.5684,0,0,0
2020-11-08T23:35:09.00,46.5102,-122.5684,0,0,0
2020-11-08T23:35:10.00,46.5102,-122.5684,0,0,0
2020-11-08T23:35:11.00,46.5102,-122.5684,0,0,0
2020-11-08T23:35:12.00,46.5102,-122.5684,0,0,0
2020-11-08T23:35:13.00,46.5102,-122.5684,0,0,0
2020-11-08T23:35:14.00,46.5101,-122.5684,0,0,0
2020-11-08T23:35:15.00,46.5101,-122.5684,0,0,0
2020-11-08T23:35:16.00,46.5101,-122.5684,0,0,0
2020-11-08T23:35:17.00,46.5101,-122.5684,0,0,0
2020-11-08T23:35:18.00,46.5101,-122.5684,0,0,0
2020-11-08T23:35:19.00,46.5100,-122.5684,0,0,0
2020-11-08T23:35:20.00,46.5100,-122.5684,0,0,0
2020-11-08T23:35:21.00,46.5100,-122.5684,0,0,0
2020-11-08T23:35:22.00,46.5100,-122.5685,0,0,0
2020-11-08T23:35:23.00,46.5100,-122.5685,0,0,0
2020-11-08T23:35:24.00,46.5100,-122.5685,0,0,0
2020-11-08T23:35:25.00,46.5100,-122.5685,0,0,0
2020-11-08T23:35:26.00,46.5100,-122.5685,0,0,0
2020-11-08T23:35:27.00,46.5100,-122.5685,0,0,0
2020-11-08T23:35:28.00,46.5100,-122.5685,0,0,0
2020-11-08T23:35:29.00,46.5100,-122.5685,0,0,0
2020-11-08T23:35:30.00,46.5100,-122.5685,0,0,0
2020-11-08T23:35:31.00,46.5100,-122.5685,0,0,0
2020-11-08T23:35:32.00,46.5100,-122.5685,0,0,0
2020-11-08T23:35:33.00,46.5100,-122.5685,0,0,0
2020-11-08T23:35:34.00,46.5100,-122.5685,0,0,0
2020-11-08T23:35:35.00,46.5100,-122.5685,0,0,0
2020-11-08T23:35:36.00,46.5100,-122.5685,0,0,0
2020-11-08T23:35:37.00,46.5100,-122.5685,0,0,0
2020-11-08T23:35:38.00,46.5100,-122.5685,0,0,0
2020-11-08T23:35:39.00,46.5100,-122.5685,0,0,0
2020-11-08T23:35:40.00,46.5100,-122.5685,0,0,0
2020-11-08T23:35:41.00,46.5100,-122.5685,0,0,0
2020-11-08T23:35:42.00,46.5100,-122.5685,0,0,0
2020-11-08T23:35:43.00,46.5100,-122.5685,0,0,0
2020-11-08T23:35:44.00,46.5100,-122.5685,0,0,0
2020-11-08T23:35:45.00,46.5100,-122.5685,0,0,0
2020-11-08T23:35:46.00,46.5100,-122.5685,0,0,0
2020-11-08T23:35:47.00,46.5100,-122.5685,0,0,0
2020-11-08T23:35:48.00,46.5100,-122.5685,0,0,0
2020-11-08T23:35:49.00,46.5100,-122.5685,0,0,0
2020-11-08T23:35:50.00,46.5100,-122.5685,0,0,0
2020-11-08T23:35:51.00,46.5100,-122.5685,0,0,0
2020-11-08T23:35:52.00,46.5100,-122.5685,0,0,0
2020-11-08T23:35:53.00,46.5100,-122.5685,0,0,0
2020-11-08T23:35:54.00,46.5100,-122.5685,0,0,0
2020-11-08T23:35:55.00,46.5100,-122.5685,0,0,0
2020-11-08T23:35:56.00,46.5100,-122.5685,0,0,0
2020-11-08T23:35:57.00,46.5100,-122.5685,0,0,0
2020-11-08T23:35:58.00,46.5100,-122.5685,0,0,0
2020-11-08T23:35:59.00,46.5100,-122.5685,0,0,0
2020-11-08T23:36:00.00,46.5100,-122.5685,0,0,0
2020-11-08T23:36:01.00,46.5100,-122.5685,0,0,0
2020-11-08T23:36:02.00,46.5100,-122.5685,0,0,0
2020-11-08T23:36:03.00,46.5100,-122.5685,0,0,0
2020-11-08T23:36:04.00,46.5100,-122.5685,0,0,0
2020-11-08T23:36:05.00,46.5100,-122.5685,0,0,0
2020-11-08T23:36:06.00,46.5100,-122.5685,0,0,0
2020-11-08T23:36:07.00,46.5100,-122.5685,0,0,0
2020-11-08T23:36:08.00,46.5100,-122.5685,0,0,0
2020-11-08T23:36:09.00,46.5100,-122.5685,0,0,0
2020-11-08T23:36:10.00,46.5100,-122.5685,0,0,0
2020-11-08T23:36:11.00,46.5100,-122.5685,0,0,0
2020-11-08T23:36:12.00,46.5100,-122.5685,0,0,0
2020-11-08T23:36:13.00,46.5100,-122.5685,0,0,0
2020-11-08T23:36:14.00,46.5100,-122.5685,0,0,0
2020-11-08T23:36:15.00,46.5100,-122.5685,0,0,0
2020-11-08T23:36:16.00,46.5100,-122.5685,0,0,0
2020-11-08T23:36:17.00,46.5100,-122.5685,0,0,0
2020-11-08T23:36:18.00,46.5100,-122.5685,0,0,0
2020-11-08T23:36:19.00,46.5100,-122.5685,0,0,0
2020-11-08T23:36:20.00,46.5100,-122.5685,0,0,0
2020-11-08T23:36:21.00,46.5100,-122.5685,0,0,0
2020-11-08T23:36:22.00,46.5100,-122.5685,0,0,0
2020-11-08T23:36:23.00,46.5100,-122.5685,0,0,0
2020-11-08T23:36:24.00,46.5100,-122.5685,0,0,0
2020-11-08T23:36:25.00,46.5100,-122.5685,0,0,0
2020-11-08T23:36:26.00,46.5100,-122.5685,0,0,0
2020-11-08T23:36:27.00,46.5100,-122.5685,0,0,0
2020-11-08T23:36:28.00,46.5100,-122.5685,0,0,0
2020-11-08T23:36:29.00,46.5100,-122.5685,0,0,0
2020-11-08T23:36:30.00,46.5100,-122.5685,0,0,0
2020-11-08T23:36:31.00,46.5100,-122.5685,0,0,0
2020-11-08T23:36:32.00,46.5100,-122.5685,0,0,0
2020-11-08T23:36:33.00,46.5100,-122.5685,0,0,0
2020-11-08T23:36:34.00,46.5100,-122.5685,0,0,0
2020-11-08T23:36:35.00,46.5100,-122.5685,0,0,0
2020-11-08T23:36:36.00,46.5100,-122.5685,0,0,0
2020-11-08T23:36:37.00,46.5100,-122.5685,0,0,0
2020-11-08T23:36:38.00,46.5100,-122.5685,0,0,0
2020-11-08T23:36:39.00,46.5100,-122.5685,0,0,0
2020-11-08T23:36:40.00,46.5100,-122.5685,0,0,0
2020-11-08T23:36:41.00,46.5098,-122.5687,0,0,0
2020-11-08T23:36:42.00,46.5098,-122.5687,0,0,0
2020-11-08T23:36:43.00,46.5098,-122.5687,0,0,0
2020-11-08T23:36:44.00,46.5098,-122.5687,0,0,0
2020-11-08T23:36:45.00,46.5098,-122.5687,0,0,0
2020-11-08T23:36:46.00,46.5098,-122.5687,0,0,0
2020-11-08T23:36:47.00,46.5098,-122.5687,0,0,0
2020-11-08T23:36:48.00,46.5098,-122.5687,0,0,0
2020-11-08T23:36:49.00,46.5098,-122.5687,0,0,0
2020-11-08T23:36:50.00,46.5098,-122.5687,0,0,0
2020-11-08T23:36:51.00,46.5098,-122.5687,0,0,0
2020-11-08T23:36:52.00,46.5098,-122.5687,0,0,0
2020-11-08T23:36:53.00,46.5098,-122.5688,0,0,0
2020-11-08T23:36:54.00,46.5098,-122.5688,0,0,0
2020-11-08T23:36:55.00,46.5098,-122.5688,0,0,0
2020-11-08T23:36:56.00,46.5098,-122.5688,0,0,0
2020-11-08T23:36:57.00,46.5098,-122.5688,0,0,0
2020-11-08T23:36:58.00,46.5098,-122.5688,0,0,0
2020-11-08T23:36:59.00,46.5098,-122.5688,0,0,0
2020-11-08T23:37:00.00,46.5098,-122.5688,0,0,0
2020-11-08T23:37:01.00,46.5098,-122.5688,0,0,0
2020-11-08T23:37:02.00,46.5098,-122.5688,0,0,0
2020-11-08T23:37:03.00,46.5098,-122.5688,0,0,0
2020-11-08T23:37:04.00,46.5098,-122.5688,0,0,0
2020-11-08T23:37:05.00,46.5098,-122.5688,0,0,0
2020-11-08T23:37:06.00,46.5098,-122.5688,0,0,0
2020-11-08T23:37:07.00,46.5098,-122.5688,0,0,0
2020-11-08T23:37:08.00,46.5098,-122.5688,0,0,0
2020-11-08T23:37:09.00,46.5098,-122.5688,0,0,0
2020-11-08T23:37:10.00,46.5098,-122.5688,0,0,0
2020-11-08T23:37:11.00,46.5098,-122.5688,0,0,0
2020-11-08T23:37:12.00,46.5098,-122.5688,0,0,0
2020-11-08T23:37:13.00,46.5098,-122.5688,0,0,0
2020-11-08T23:37:14.00,46.5098,-122.5688,0,0,0
2020-11-08T23:37:15.00,46.5098,-122.5688,0,0,0
2020-11-08T23:37:16.00,46.5098,-122.5688,0,0,0
2020-11-08T23:37:17.00,46.5098,-122.5688,0,0,0
2020-11-08T23:37:18.00,46.5098,-122.5688,0,0,0
2020-11-08T23:37:19.00,46.5098,-122.5688,0,0,0
2020-11-08T23:37:20.00,46.5098,-122.5688,0,0,0
2020-11-08T23:37:21.00,46.5098,-122.5688,0,0,0
2020-11-08T23:37:22.00,46.5098,-122.5688,0,0,0
2020-11-08T23:37:23.00,46.5098,-122.5688,0,0,0
2020-11-08T23:37:24.00,46.5098,-122.5688,0,0,0
2020-11-08T23:37:25.00,46.5098,-122.5688,0,0,0
2020-11-08T23:37:26.00,46.5098,-122.5688,0,0,0
2020-11-08T23:37:27.00,46.5098,-122.5688,0,0,0
2020-11-08T23:37:28.00,46.5098,-122.5688,0,0,0
2020-11-08T23:37:29.00,46.5098,-122.5688,0,0,0
2020-11-08T23:37:30.00,46.5098,-122.5688,0,0,0
2020-11-08T23:37:31.00,46.5098,-122.5687,0,0,0
2020-11-08T23:37:32.00,46.5098,-122.5688,0,0,0
2020-11-08T23:37:33.00,46.5098,-122.5688,0,0,0
2020-11-08T23:37:34.00,46.5098,-122.5688,0,0,0
2020-11-08T23:37:35.00,46.5098,-122.5688,0,0,0
2020-11-08T23:37:36.00,46.5098,-122.5688,0,0,0
2020-11-08T23:37:37.00,46.5098,-122.5688,0,0,0
2020-11-08T23:37:38.00,46.5098,-122.5688,0,0,0
2020-11-08T23:37:39.00,46.5098,-122.5688,0,0,0
2020-11-08T23:37:40.00,46.5098,-122.5688,0,0,0
2020-11-08T23:37:41.00,46.5098,-122.5688,0,0,0
2020-11-08T23:37:42.00,46.5098,-122.5687,0,0,0
2020-11-08T23:37:43.00,46.5098,-122.5687,0,0,0
2020-11-08T23:37:44.00,46.5098,-122.5687,0,0,0
2020-11-08T23:37:45.00,46.5098,-122.5687,0,0,0
2020-11-08T23:37:46.00,46.5098,-122.5687,0,0,0
2020-11-08T23:37:47.00,46.5098,-122.5687,0,0,0
2020-11-08T23:37:48.00,46.5098,-122.5687,0,0,0
2020-11-08T23:37:49.00,46.5098,-122.5687,0,0,0
2020-11-08T23:37:50.00,46.5098,-122.5687,0,0,0
2020-11-08T23:37:51.00,46.5098,-122.5687,0,0,0
2020-11-08T23:37:52.00,46.5098,-122.5687,0,0,0
2020-11-08T23:37:53.00,46.5098,-122.5687,0,0,0
2020-11-08T23:37:54.00,46.5098,-122.5687,0,0,0
2020-11-08T23:37:55.00,46.5098,-122.5687,0,0,0
2020-11-08T23:37:56.00,46.5098,-122.5687,0,0,0
2020-11-08T23:37:57.00,46.5098,-122.5687,0,0,0
2020-11-08T23:37:58.00,46.5098,-122.5687,0,0,0
2020-11-08T23:37:59.00,46.5098,-122.5687,0,0,0
2020-11-08T23:38:00.00,46.5098,-122.5687,0,0,0
2020-11-08T23:38:01.00,46.5098,-122.5687,0,0,0
2020-11-08T23:38:02.00,46.5098,-122.5687,0,0,0
2020-11-08T23:38:03.00,46.5098,-122.5687,0,0,0
2020-11-08T23:38:04.00,46.5098,-122.5687,0,0,0
2020-11-08T23:38:05.00,46.5098,-122.5687,0,0,0
2020-11-08T23:38:06.00,46.5098,-122.5687,0,0,0
2020-11-08T23:38:07.00,46.5098,-122.5687,0,0,0
2020-11-08T23:38:08.00,46.5098,-122.5687,0,0,0
2020-11-08T23:38:09.00,46.5098,-122.5687,0,0,0
2020-11-08T23:38:10.00,46.5098,-122.5687,0,0,0
2020-11-08T23:38:11.00,46.5098,-122.5687,0,0,0
2020-11-08T23:38:12.00,46.5098,-122.5687,0,0,0
2020-11-08T23:38:13.00,46.5098,-122.5687,0,0,0
2020-11-08T23:38:14.00,46.5098,-122.5687,0,0,0
2020-11-08T23:38:15.00,46.5098,-122.5688,0,0,0
2020-11-08T23:38:16.00,46.5098,-122.5688,0,0,0
2020-11-08T23:38:17.00,46.5098,-122.5688,0,0,0
2020-11-08T23:38:18.00,46.5098,-122.5688,0,0,0
2020-11-08T23:38:19.00,46.5098,-122.5688,0,0,0
2020-11-08T23:38:20.00,46.5098,-122.5688,0,0,0
2020-11-08T23:38:21.00,46.5098,-122.5688,0,0,0
2020-11-08T23:38:22.00,46.5098,-122.5688,0,0,0
2020-11-08T23:38:23.00,46.5098,-122.5688,0,0,0
2020-11-08T23:38:24.00,46.5098,-122.5688,0,0,0
2020-11-08T23:38:25.00,46.5098,-122.5688,0,0,0
2020-11-08T23:38:26.00,46.5098,-122.5688,0,0,0
2020-11-08T23:38:27.00,46.5098,-122.5688,0,0,0
2020-11-08T23:38:28.00,46.5098,-122.5688,0,0,0
2020-11-08T23:38:29.00,46.5098,-122.5688,0,0,0
2020-11-08T23:38:30.00,46.5098,-122.5688,0,0,0
2020-11-08T23:38:31.00,46.5098,-122.5688,0,0,0
2020-11-08T23:38:32.00,46.5098,-122.5687,0,0,0
2020-11-08T23:38:33.00,46.5098,-122.5687,0,0,0
2020-11-08T23:38:34.00,46.5098,-122.5687,0,0,0
2020-11-08T23:38:35.00,46.5098,-122.5687,0,0,0
2020-11-08T23:38:36.00,46.5098,-122.5687,0,0,0
2020-11-08T23:38:37.00,46.5098,-122.5687,0,0,0
2020-11-08T23:38:38.00,46.5098,-122.5687,0,0,0
2020-11-08T23:38:39.00,46.5098,-122.5687,0,0,0
2020-11-08T23:38:40.00,46.5099,-122.5687,0,0,0
2020-11-08T23:38:41.00,46.5099,-122.5687,0,0,0
2020-11-08T23:38:42.00,46.5099,-122.5687,0,0,0
2020-11-08T23:38:43.00,46.5099,-122.5687,0,0,0
2020-11-08T23:38:44.00,46.5099,-122.5687,0,0,0
2020-11-08T23:38:45.00,46.5099,-122.5687,0,0,0
2020-11-08T23:38:46.00,46.5099,-122.5687,0,0,0
2020-11-08T23:38:47.00,46.5099,-122.5687,0,0,0
2020-11-08T23:38:48.00,46.5099,-122.5687,0,0,0
2020-11-08T23:38:49.00,46.5099,-122.5687,0,0,0
2020-11-08T23:38:50.00,46.5099,-122.5687,0,0,0
2020-11-08T23:38:51.00,46.5099,-122.5687,0,0,0
2020-11-08T23:38:52.00,46.5099,-122.5687,0,0,0
2020-11-08T23:38:53.00,46.5099,-122.5687,0,0,0
2020-11-08T23:38:54.00,46.5099,-122.5687,0,0,0
2020-11-08T23:38:55.00,46.5099,-122.5687,0,0,0
2020-11-08T23:38:56.00,46.5099,-122.5687,0,0,0
2020-11-08T23:38:57.00,46.5099,-122.5687,0,0,0
2020-11-08T23:38:58.00,46.5099,-122.5687,0,0,0
2020-11-08T23:38:59.00,46.5099,-122.5687,0,0,0
2020-11-08T23:39:00.00,46.5100,-122.5687,0,0,0
2020-11-08T23:39:01.00,46.5100,-122.5687,0,0,0
2020-11-08T23:39:02.00,46.5100,-122.5687,0,0,0
2020-11-08T23:39:03.00,46.5100,-122.5687,0,0,0
2020-11-08T23:39:04.00,46.5100,-122.5687,0,0,0
2020-11-08T23:39:05.00,46.5100,-122.5687,0,0,0
2020-11-08T23:39:06.00,46.5100,-122.5687,0,0,0
2020-11-08T23:39:07.00,46.5100,-122.5687,0,0,0
2020-11-08T23:39:08.00,46.5100,-122.5687,0,0,0
2020-11-08T23:39:09.00,46.5100,-122.5687,0,0,0
2020-11-08T23:39:10.00,46.5100,-122.5687,0,0,0
2020-11-08T23:39:11.00,46.5100,-122.5687,0,0,0
2020-11-08T23:39:12.00,46.5100,-122.5687,0,0,0
2020-11-08T23:39:13.00,46.5100,-122.5687,0,0,0
2020-11-08T23:39:14.00,46.5100,-122.5687,0,0,0
2020-11-08T23:39:15.00,46.5100,-122.5687,0,0,0
2020-11-08T23:39:16.00,46.5100,-122.5687,0,0,0
2020-11-08T23:39:17.00,46.5101,-122.5687,0,0,0
2020-11-08T23:39:18.00,46.5101,-122.5687,0,0,0
2020-11-08T23:39:19.00,46.5101,-122.5687,0,0,0
2020-11-08T23:39:20.00,46.5101,-122.5687,0,0,0
2020-11-08T23:39:21.00,46.5101,-122.5687,0,0,0
2020-11-08T23:39:22.00,46.5101,-122.5687,0,0,0
2020-11-08T23:39:23.00,46.5101,-122.5687,0,0,0
2020-11-08T23:39:24.00,46.5101,-122.5687,0,0,0
2020-11-08T23:39:25.00,46.5101,-122.5687,0,0,0
2020-11-08T23:39:26.00,46.5101,-122.5687,0,0,0
2020-11-08T23:39:27.00,46.5101,-122.5687,0,0,0
2020-11-08T23:39:28.00,46.5101,-122.5687,0,0,0
2020-11-08T23:39:29.00,46.5101,-122.5687,0,0,0
2020-11-08T23:39:30.00,46.5101,-122.5687,0,0,0
2020-11-08T23:39:31.00,46.5101,-122.5687,0,0,0
2020-11-08T23:39:32.00,46.5101,-122.5687,0,0,0
2020-11-08T23:39:33.00,46.5101,-122.5687,0,0,0
2020-11-08T23:39:34.00,46.5101,-122.5687,0,0,0
2020-11-08T23:39:35.00,46.5101,-122.5687,0,0,0
2020-11-08T23:39:36.00,46.5101,-122.5688,0,0,0
2020-11-08T23:39:37.00,46.5101,-122.5688,0,0,0
2020-11-08T23:39:38.00,46.5101,-122.5688,0,0,0
2020-11-08T23:39:39.00,46.5101,-122.5688,0,0,0
2020-11-08T23:39:40.00,46.5101,-122.5688,0,0,0
2020-11-08T23:39:41.00,46.5101,-122.5688,0,0,0
2020-11-08T23:39:42.00,46.5101,-122.5688,0,0,0
2020-11-08T23:39:43.00,46.5102,-122.5688,0,0,0
2020-11-08T23:39:44.00,46.5102,-122.5688,0,0,0
2020-11-08T23:39:45.00,46.5102,-122.5688,0,0,0
2020-11-08T23:39:46.00,46.5102,-122.5688,0,0,0
2020-11-08T23:39:47.00,46.5102,-122.5688,0,0,0
2020-11-08T23:39:48.00,46.5102,-122.5688,0,0,0
2020-11-08T23:39:49.00,46.5102,-122.5688,0,0,0
2020-11-08T23:39:50.00,46.5102,-122.5688,0,0,0
2020-11-08T23:39:51.00,46.5102,-122.5688,0,0,0
2020-11-08T23:39:52.00,46.5102,-122.5688,0,0,0
2020-11-08T23:39:53.00,46.5102,-122.5688,0,0,0
2020-11-08T23:39:54.00,46.5102,-122.5688,0,0,0
2020-11-08T23:39:55.00,46.5102,-122.5688,0,0,0
2020-11-08T23:39:56.00,46.5102,-122.5688,0,0,0
2020-11-08T23:39:57.00,46.5102,-122.5688,0,0,0
2020-11-08T23:39:58.00,46.5102,-122.5688,0,0,0
2020-11-08T23:39:59.00,46.5102,-122.5688,0,0,0
2020-11-08T23:40:00.00,46.5102,-122.5688,0,0,0
2020-11-08T23:40:01.00,46.5102,-122.5688,0,0,0
2020-11-08T23:40:02.00,46.5102,-122.5688,0,0,0
2020-11-08T23:40:03.00,46.5102,-122.5688,0,0,0
2020-11-08T23:40:04.00,46.5102,-122.5688,0,0,0
2020-11-08T23:40:05.00,46.5102,-122.5688,0,0,0
2020-11-08T23:40:06.00,46.5102,-122.5688,0,0,0
2020-11-08T23:40:07.00,46.5102,-122.5688,0,0,0
2020-11-08T23:40:08.00,46.5102,-122.5688,0,0,0
2020-11-08T23:40:09.00,46.5102,-122.5688,0,0,0
2020-11-08T23:40:10.00,46.5102,-122.5688,0,0,0
2020-11-08T23:40:11.00,46.5102,-122.5688,0,0,0
2020-11-08T23:40:12.00,46.5102,-122.5688,0,0,0
2020-11-08T23:40:13.00,46.5102,-122.5688,0,0,0
2020-11-08T23:40:14.00,46.5102,-122.5688,0,0,0
2020-11-08T23:40:15.00,46.5102,-122.5688,0,0,0
2020-11-08T23:40:16.00,46.5102,-122.5688,0,0,0
2020-11-08T23:40:17.00,46.5102,-122.5688,0,0,0
2020-11-08T23:40:18.00,46.5102,-122.5688,0,0,0
2020-11-08T23:40:19.00,46.5102,-122.5688,0,0,0
2020-11-08T23:40:20.00,46.5102,-122.5688,0,0,0
2020-11-08T23:40:21.00,46.5102,-122.5688,0,0,0
2020-11-08T23:40:22.00,46.5102,-122.5688,0,0,0
2020-11-08T23:40:23.00,46.5102,-122.5688,0,0,0
2020-11-08T23:40:24.00,46.5102,-122.5688,0,0,0
2020-11-08T23:40:25.00,46.5102,-122.5688,0,0,0
2020-11-08T23:40:26.00,46.5102,-122.5688,0,0,0
2020-11-08T23:40:27.00,46.5102,-122.5688,0,0,0
2020-11-08T23:40:28.00,46.5102,-122.5688,0,0,0
2020-11-08T23:40:29.00,46.5102,-122.5688,0,0,0
2020-11-08T23:40:30.00,46.5102,-122.5688,0,0,0
2020-11-08T23:40:31.00,46.5102,-122.5688,0,0,0
2020-11-08T23:40:32.00,46.5102,-122.5688,0,0,0
2020-11-08T23:40:33.00,46.5102,-122.5688,0,0,0
2020-11-08T23:40:34.00,46.5102,-122.5688,0,0,0
2020-11-08T23:40:35.00,46.5102,-122.5688,0,0,0
2020-11-08T23:40:36.00,46.5102,-122.5688,0,0,0
2020-11-08T23:40:37.00,46.5102,-122.5688,0,0,0
2020-11-08T23:40:38.00,46.5102,-122.5688,0,0,0
2020-11-08T23:40:39.00,46.5102,-122.5688,0,0,0
2020-11-08T23:40:40.00,46.5102,-122.5688,0,0,0
2020-11-08T23:40:41.00,46.5102,-122.5688,0,0,0
2020-11-08T23:40:42.00,46.5102,-122.5688,0,0,0
2020-11-08T23:40:43.00,46.5102,-122.5688,0,0,0
2020-11-08T23:40:44.00,46.5102,-122.5688,0,0,0
2020-11-08T23:40:45.00,46.5102,-122.5688,0,0,0
2020-11-08T23:40:46.00,46.5102,-122.5688,0,0,0
2020-11-08T23:40:47.00,46.5102,-122.5688,0,0,0
2020-11-08T23:40:48.00,46.5102,-122.5688,0,0,0
2020-11-08T23:40:49.00,46.5102,-122.5688,0,0,0
2020-11-08T23:40:50.00,46.5102,-122.5688,0,0,0
2020-11-08T23:40:51.00,46.5102,-122.5687,0,0,0
2020-11-08T23:40:52.00,46.5102,-122.5687,0,0,0
2020-11-08T23:40:53.00,46.5102,-122.5687,0,0,0
2020-11-08T23:40:54.00,46.5102,-122.5687,0,0,0
2020-11-08T23:40:55.00,46.5102,-122.5687,0,0,0
2020-11-08T23:40:56.00,46.5102,-122.5687,0,0,0
2020-11-08T23:40:57.00,46.5102,-122.5687,0,0,0
2020-11-08T23:40:58.00,46.5102,-122.5687,0,0,0
2020-11-08T23:40:59.00,46.5102,-122.5687,0,0,0
2020-11-08T23:41:00.00,46.5102,-122.5687,0,0,0
2020-11-08T23:41:01.00,46.5102,-122.5687,0,0,0
2020-11-08T23:41:02.00,46.5102,-122.5687,0,0,0
2020-11-08T23:41:03.00,46.5102,-122.5687,0,0,0
2020-11-08T23:41:04.00,46.5102,-122.5687,0,0,0
2020-11-08T23:41:05.00,46.5102,-122.5687,0,0,0
2020-11-08T23:41:06.00,46.5102,-122.5687,0,0,0
2020-11-08T23:41:07.00,46.5102,-122.5687,0,0,0
2020-11-08T23:41:08.00,46.5102,-122.5687,0,0,0
2020-11-08T23:41:09.00,46.5102,-122.5687,0,0,0
2020-11-08T23:41:10.00,46.5102,-122.5687,0,0,0
2020-11-08T23:41:11.00,46.5102,-122.5687,0,0,0
2020-11-08T23:41:12.00,46.5102,-122.5687,0,0,0
2020-11-08T23:41:13.00,46.5102,-122.5687,0,0,0
2020-11-08T23:41:14.00,46.5102,-122.5687,0,0,0
2020-11-08T23:41:15.00,46.5102,-122.5687,0,0,0
2020-11-08T23:41:16.00,46.5102,-122.5687,0,0,0
2020-11-08T23:41:17.00,46.5102,-122.5687,0,0,0
2020-11-08T23:41:18.00,46.5102,-122.5687,0,0,0
2020-11-08T23:41:19.00,46.5102,-122.5687,0,0,0
2020-11-08T23:41:20.00,46.5102,-122.5687,0,0,0
2020-11-08T23:41:21.00,46.5102,-122.5687,0,0,0
2020-11-08T23:41:22.00,46.5102,-122.5687,0,0,0
2020-11-08T23:41:23.00,46.5102,-122.5687,0,0,0
2020-11-08T23:41:24.00,46.5102,-122.5687,0,0,0
2020-11-08T23:41:25.00,46.5102,-122.5687,0,0,0
2020-11-08T23:41:26.00,46.5102,-122.5687,0,0,0
2020-11-08T23:41:27.00,46.5102,-122.5687,0,0,0
2020-11-08T23:41:28.00,46.5102,-122.5687,0,0,0
2020-11-08T23:41:29.00,46.5102,-122.5687,0,0,0
2020-11-08T23:41:30.00,46.5102,-122.5687,0,0,0
2020-11-08T23:41:31.00,46.5102,-122.5687,0,0,0
2020-11-08T23:41:32.00,46.5102,-122.5687,0,0,0
2020-11-08T23:41:33.00,46.5102,-122.5687,0,0,0
2020-11-08T23:41:34.00,46.5102,-122.5687,0,0,0
2020-11-08T23:41:35.00,46.5102,-122.5687,0,0,0
2020-11-08T23:41:36.00,46.5102,-122.5687,0,0,0
2020-11-08T23:41:37.00,46.5102,-122.5687,0,0,0
2020-11-08T23:41:38.00,46.5102,-122.5687,0,0,0
2020-11-08T23:41:39.00,46.5102,-122.5687,0,0,0
2020-11-08T23:41:40.00,46.5102,-122.5687,0,0,0
2020-11-08T23:41:41.00,46.5102,-122.5687,0,0,0
2020-11-08T23:41:42.00,46.5102,-122.5687,0,0,0
2020-11-08T23:41:43.00,46.5101,-122.5687,0,0,0
2020-11-08T23:41:44.00,46.5101,-122.5687,0,0,0
2020-11-08T23:41:45.00,46.5101,-122.5687,0,0,0
2020-11-08T23:41:46.00,46.5101,-122.5687,0,0,0
2020-11-08T23:41:47.00,46.5101,-122.5687,0,0,0
2020-11-08T23:41:48.00,46.5101,-122.5687,0,0,0
2020-11-08T23:41:49.00,46.5101,-122.5687,0,0,0
2020-11-08T23:41:50.00,46.5101,-122.5687,0,0,0
2020-11-08T23:41:51.00,46.5101,-122.5687,0,0,0
2020-11-08T23:41:52.00,46.5101,-122.5687,0,0,0
2020-11-08T23:41:53.00,46.5101,-122.5687,0,0,0
2020-11-08T23:41:54.00,46.5101,-122.5687,0,0,0
2020-11-08T23:41:55.00,46.5101,-122.5687,0,0,0
2020-11-08T23:41:56.00,46.5101,-122.5687,0,0,0
2020-11-08T23:41:57.00,46.5101,-122.5687,0,0,0
2020-11-08T23:41:58.00,46.5101,-122.5687,0,0,0
2020-11-08T23:41:59.00,46.5101,-122.5687,0,0,0
2020-11-08T23:42:00.00,46.5101,-122.5687,0,0,0
2020-11-08T23:42:01.00,46.5101,-122.5687,0,0,0
2020-11-08T23:42:02.00,46.5101,-122.5687,0,0,0
2020-11-08T23:42:03.00,46.5101,-122.5687,0,0,0
2020-11-08T23:42:04.00,46.5101,-122.5687,0,0,0
2020-11-08T23:42:05.00,46.5101,-122.5687,0,0,0
2020-11-08T23:42:06.00,46.5101,-122.5687,0,0,0
2020-11-08T23:42:07.00,46.5101,-122.5687,0,0,0
2020-11-08T23:42:08.00,46.5101,-122.5687,0,0,0
2020-11-08T23:42:09.00,46.5101,-122.5687,0,0,0
2020-11-08T23:42:10.00,46.5101,-122.5687,0,0,0
2020-11-08T23:42:11.00,46.5101,-122.5687,0,0,0
2020-11-08T23:42:12.00,46.5101,-122.5687,0,0,0
2020-11-08T23:42:13.00,46.5101,-122.5687,0,0,0
2020-11-08T23:42:14.00,46.5101,-122.5687,0,0,0
2020-11-08T23:42:15.00,46.5101,-122.5687,0,0,0
2020-11-08T23:42:16.00,46.5101,-122.5687,0,0,0
2020-11-08T23:42:17.00,46.5101,-122.5687,0,0,0
2020-11-08T23:42:18.00,46.5101,-122.5687,0,0,0
2020-11-08T23:42:19.00,46.5101,-122.5687,0,0,0
2020-11-08T23:42:20.00,46.5101,-122.5687,0,0,0
2020-11-08T23:42:21.00,46.5101,-122.5687,0,0,0
2020-11-08T23:42:22.00,46.5101,-122.5687,0,0,0
2020-11-08T23:42:23.00,46.5101,-122.5687,0,0,0
2020-11-08T23:42:24.00,46.5101,-122.5687,0,0,0
2020-11-08T23:42:25.00,46.5101,-122.5687,0,0,0
2020-11-08T23:42:26.00,46.5101,-122.5687,0,0,0
2020-11-08T23:42:27.00,46.5101,-122.5687,0,0,0
2020-11-08T23:42:28.00,46.5101,-122.5687,0,0,0
2020-11-08T23:42:29.00,46.5101,-122.5687,0,0,0
2020-11-08T23:42:30.00,46.5101,-122.5687,0,0,0
2020-11-08T23:42:31.00,46.5101,-122.5687,0,0,0
2020-11-08T23:42:32.00,46.5101,-122.5687,0,0,0
2020-11-08T23:42:33.00,46.5101,-122.5687,0,0,0
2020-11-08T23:42:34.00,46.5101,-122.5687,0,0,0
2020-11-08T23:42:35.00,46.5101,-122.5687,0,0,0
2020-11-08T23:42:36.00,46.5101,-122.5687,0,0,0
2020-11-08T23:42:37.00,46.5101,-122.5687,0,0,0
2020-11-08T23:42:38.00,46.5101,-122.5687,0,0,0
2020-11-08T23:42:39.00,46.5101,-122.5687,0,0,0
2020-11-08T23:42:40.00,46.5101,-122.5687,0,0,0
2020-11-08T23:42:41.00,46.5101,-122.5687,0,0,0
2020-11-08T23:42:42.00,46.5101,-122.5687,0,0,0
2020-11-08T23:42:43.00,46.5101,-122.5687,0,0,0
2020-11-08T23:42:44.00,46.5101,-122.5687,0,0,0
2020-11-08T23:42:45.00,46.5101,-122.5687,0,0,0
2020-11-08T23:42:46.00,46.5101,-122.5687,0,0,0
2020-11-08T23:42:47.00,46.5101,-122.5687,0,0,0
2020-11-08T23:42:48.00,46.5101,-122.5687,0,0,0
2020-11-08T23:42:49.00,46.5101,-122.5687,0,0,0
2020-11-08T23:42:50.00,46.5101,-122.5687,0,0,0
2020-11-08T23:42:51.00,46.5101,-122.5687,0,0,0
2020-11-08T23:42:52.00,46.5101,-122.5687,0,0,0
2020-11-08T23:42:53.00,46.5101,-122.5687,0,0,0
2020-11-08T23:42:54.00,46.5101,-122.5687,0,0,0
2020-11-08T23:42:55.00,46.5101,-122.5687,0,0,0
2020-11-08T23:42:56.00,46.5101,-122.5687,0,0,0
2020-11-08T23:42:57.00,46.5101,-122.5687,0,0,0
2020-11-08T23:42:58.00,46.5101,-122.5687,0,0,0
2020-11-08T23:42:59.00,46.5101,-122.5687,0,0,0
2020-11-08T23:43:00.00,46.5101,-122.5687,0,0,0
2020-11-08T23:43:01.00,46.5101,-122.5687,0,0,0
2020-11-08T23:43:02.00,46.5101,-122.5687,0,0,0
2020-11-08T23:43:03.00,46.5101,-122.5687,0,0,0
2020-11-08T23:43:04.00,46.5100,-122.5687,0,0,0
2020-11-08T23:43:05.00,46.5100,-122.5687,0,0,0
2020-11-08T23:43:06.00,46.5100,-122.5687,0,0,0
2020-11-08T23:43:07.00,46.5100,-122.5687,0,0,0
2020-11-08T23:43:08.00,46.5100,-122.5687,0,0,0
2020-11-08T23:43:09.00,46.5100,-122.5687,0,0,0
2020-11-08T23:43:10.00,46.5100,-122.5687,0,0,0
2020-11-08T23:43:11.00,46.5100,-122.5687,0,0,0
2020-11-08T23:43:12.00,46.5100,-122.5687,0,0,0
2020-11-08T23:43:13.00,46.5100,-122.5687,0,0,0
2020-11-08T23:43:14.00,46.5100,-122.5687,0,0,0
2020-11-08T23:43:15.00,46.5100,-122.5687,0,0,0
2020-11-08T23:43:16.00,46.5100,-122.5687,0,0,0
2020-11-08T23:43:17.00,46.5100,-122.5687,0,0,0
2020-11-08T23:43:18.00,46.5100,-122.5687,0,0,0
2020-11-08T23:43:19.00,46.5100,-122.5687,0,0,0
2020-11-08T23:43:20.00,46.5100,-122.5687,0,0,0
2020-11-08T23:43:21.00,46.5100,-122.5687,0,0,0
2020-11-08T23:43:22.00,46.5100,-122.5687,0,0,0
2020-11-08T23:43:23.00,46.5100,-122.5687,0,0,0
2020-11-08T23:43:24.00,46.5100,-122.5687,0,0,0
2020-11-08T23:43:25.00,46.5100,-122.5687,0,0,0
2020-11-08T23:43:26.00,46.5100,-122.5687,0,0,0
2020-11-08T23:43:27.00,46.5100,-122.5687,0,0,0
2020-11-08T23:43:28.00,46.5100,-122.5687,0,0,0
2020-11-08T23:43:29.00,46.5100,-122.5687,0,0,0
2020-11-08T23:43:30.00,46.5100,-122.5687,0,0,0
2020-11-08T23:43:31.00,46.5100,-122.5687,0,0,0
2020-11-08T23:43:32.00,46.5100,-122.5687,0,0,0
2020-11-08T23:43:33.00,46.5100,-122.5687,0,0,0
2020-11-08T23:43:34.00,46.5100,-122.5687,0,0,0
2020-11-08T23:43:35.00,46.5100,-122.5687,0,0,0
2020-11-08T23:43:36.00,46.5100,-122.5687,0,0,0
2020-11-08T23:43:37.00,46.5100,-122.5687,0,0,0
2020-11-08T23:43:38.00,46.5100,-122.5687,0,0,0
2020-11-08T23:43:39.00,46.5100,-122.5687,0,0,0
2020-11-08T23:43:40.00,46.5100,-122.5687,0,0,0
2020-11-08T23:43:41.00,46.5100,-122.5687,0,0,0
2020-11-08T23:43:42.00,46.5100,-122.5687,0,0,0
2020-11-08T23:43:43.00,46.5100,-122.5687,0,0,0
2020-11-08T23:43:44.00,46.5100,-122.5687,0,0,0
2020-11-08T23:43:45.00,46.5100,-122.5687,0,0,0
2020-11-08T23:43:46.00,46.5100,-122.5687,0,0,0
2020-11-08T23:43:47.00,46.5100,-122.5687,0,0,0
2020-11-08T23:43:48.00,46.5100,-122.5687,0,0,0
2020-11-08T23:43:49.00,46.5100,-122.5687,0,0,0
2020-11-08T23:43:50.00,46.5100,-122.5687,0,0,0
2020-11-08T23:43:51.00,46.5100,-122.5687,0,0,0
2020-11-08T23:43:52.00,46.5100,-122.5687,0,0,0
2020-11-08T23:43:53.00,46.5099,-122.5687,0,0,0
2020-11-08T23:43:54.00,46.5099,-122.5687,0,0,0
2020-11-08T23:43:55.00,46.5099,-122.5687,0,0,0
2020-11-08T23:43:56.00,46.5099,-122.5687,0,0,0
2020-11-08T23:43:57.00,46.5099,-122.5687,0,0,0
2020-11-08T23:43:58.00,46.5099,-122.5687,0,0,0
2020-11-08T23:43:59.00,46.5099,-122.5687,0,0,0
2020-11-08T23:44:00.00,46.5099,-122.5687,0,0,0
2020-11-08T23:44:01.00,46.5099,-122.5687,0,0,0
2020-11-08T23:44:02.00,46.5099,-122.5687,0,0,0
2020-11-08T23:44:03.00,46.5099,-122.5687,0,0,0
2020-11-08T23:44:04.00,46.5099,-122.5687,0,0,0
2020-11-08T23:44:05.00,46.5099,-122.5687,0,0,0
2020-11-08T23:44:06.00,46.5099,-122.5687,0,0,0
2020-11-08T23:44:07.00,46.5099,-122.5688,0,0,0
2020-11-08T23:44:08.00,46.5099,-122.5688,0,0,0
2020-11-08T23:44:09.00,46.5099,-122.5688,0,0,0
2020-11-08T23:44:10.00,46.5099,-122.5688,0,0,0
2020-11-08T23:44:11.00,46.5099,-122.5688,0,0,0
2020-11-08T23:44:12.00,46.5099,-122.5688,0,0,0
2020-11-08T23:44:13.00,46.5099,-122.5688,0,0,0
2020-11-08T23:44:14.00,46.5099,-122.5688,0,0,0
2020-11-08T23:44:15.00,46.5099,-122.5688,0,0,0
2020-11-08T23:44:16.00,46.5099,-122.5688,0,0,0
2020-11-08T23:44:17.00,46.5099,-122.5688,0,0,0
2020-11-08T23:44:18.00,46.5099,-122.5688,0,0,0
2020-11-08T23:44:19.00,46.5099,-122.5688,0,0,0
2020-11-08T23:44:20.00,46.5099,-122.5688,0,0,0
2020-11-08T23:44:21.00,46.5099,-122.5688,0,0,0
2020-11-08T23:44:22.00,46.5099,-122.5688,0,0,0
2020-11-08T23:44:23.00,46.5099,-122.5688,0,0,0
2020-11-08T23:44:24.00,46.5099,-122.5688,0,0,0
2020-11-08T23:44:25.00,46.5099,-122.5687,0,0,0
2020-11-08T23:44:26.00,46.5099,-122.5687,0,0,0
2020-11-08T23:44:27.00,46.5099,-122.5687,0,0,0
2020-11-08T23:44:28.00,46.5099,-122.5687,0,0,0
2020-11-08T23:44:29.00,46.5099,-122.5687,0,0,0
2020-11-08T23:44:30.00,46.5099,-122.5687,0,0,0
2020-11-08T23:44:31.00,46.5099,-122.5687,0,0,0
2020-11-08T23:44:32.00,46.5099,-122.5687,0,0,0
2020-11-08T23:44:33.00,46.5099,-122.5687,0,0,0
2020-11-08T23:44:34.00,46.5099,-122.5687,0,0,0
2020-11-08T23:44:35.00,46.5099,-122.5687,0,0,0
2020-11-08T23:44:36.00,46.5099,-122.5687,0,0,0
2020-11-08T23:44:37.00,46.5099,-122.5687,0,0,0
2020-11-08T23:44:38.00,46.5099,-122.5687,0,0,0
2020-11-08T23:44:39.00,46.5099,-122.5687,0,0,0
2020-11-08T23:44:40.00,46.5099,-122.5687,0,0,0
2020-11-08T23:44:41.00,46.5099,-122.5687,0,0,0
2020-11-08T23:44:42.00,46.5099,-122.5687,0,0,0
2020-11-08T23:44:43.00,46.5099,-122.5687,0,0,0
2020-11-08T23:44:44.00,46.5099,-122.5687,0,0,0
2020-11-08T23:44:45.00,46.5099,-122.5687,0,0,0
2020-11-08T23:44:46.00,46.5099,-122.5687,0,0,0
2020-11-08T23:44:47.00,46.5099,-122.5687,0,0,0
2020-11-08T23:44:48.00,46.5099,-122.5687,0,0,0
2020-11-08T23:44:49.00,46.5099,-122.5687,0,0,0
2020-11-08T23:44:50.00,46.5099,-122.5687,0,0,0
2020-11-08T23:44:51.00,46.5098,-122.5687,0,0,0
2020-11-08T23:44:52.00,46.5098,-122.5687,0,0,0
2020-11-08T23:44:53.00,46.5098,-122.5687,0,0,0
2020-11-08T23:44:54.00,46.5098,-122.5687,0,0,0
2020-11-08T23:44:55.00,46.5098,-122.5687,0,0,0
2020-11-08T23:44:56.00,46.5098,-122.5687,0,0,0
2020-11-08T23:44:57.00,46.5098,-122.5687,0,0,0
2020-11-08T23:44:58.00,46.5098,-122.5687,0,0,0
2020-11-08T23:44:59.00,46.5098,-122.5687,0,0,0
2020-11-08T23:45:00.00,46.5098,-122.5687,0,0,0
2020-11-08T23:45:01.00,46.5098,-122.5687,0,0,0
2020-11-08T23:45:02.00,46.5098,-122.5687,0,0,0
2020-11-08T23:45:03.00,46.5098,-122.5687,0,0,0
2020-11-08T23:45:04.00,46.5098,-122.5687,0,0,0
2020-11-08T23:45:05.00,46.5098,-122.5687,0,0,0
2020-11-08T23:45:06.00,46.5098,-122.5687,0,0,0
2020-11-08T23:45:07.00,46.5098,-122.5687,0,0,0
2020-11-08T23:45:08.00,46.5098,-122.5687,0,0,0
2020-11-08T23:45:09.00,46.5098,-122.5687,0,0,0
2020-11-08T23:45:10.00,46.5098,-122.5687,0,0,0
2020-11-08T23:45:11.00,46.5098,-122.5687,0,0,0
2020-11-08T23:45:12.00,46.5098,-122.5687,0,0,0
2020-11-08T23:45:13.00,46.5098,-122.5687,0,0,0
2020-11-08T23:45:14.00,46.5098,-122.5687,0,0,0
2020-11-08T23:45:15.00,46.5098,-122.5687,0,0,0
2020-11-08T23:45:16.00,46.5098,-122.5687,0,0,0
2020-11-08T23:45:17.00,46.5098,-122.5687,0,0,0
2020-11-08T23:45:18.00,46.5098,-122.5687,0,0,0
2020-11-08T23:45:19.00,46.5098,-122.5687,0,0,0
2020-11-08T23:45:20.00,46.5098,-122.5687,0,0,0
2020-11-08T23:45:21.00,46.5098,-122.5687,0,0,0
2020-11-08T23:45:22.00,46.5098,-122.5687,0,0,0
2020-11-08T23:45:23.00,46.5098,-122.5687,0,0,0
2020-11-08T23:45:24.00,46.5098,-122.5687,0,0,0
2020-11-08T23:45:25.00,46.5098,-122.5687,0,0,0
2020-11-08T23:45:26.00,46.5098,-122.5687,0,0,0
2020-11-08T23:45:27.00,46.5098,-122.5687,0,0,0
2020-11-08T23:45:28.00,46.5098,-122.5687,0,0,0
2020-11-08T23:45:29.00,46.5098,-122.5687,0,0,0
2020-11-08T23:45:30.00,46.5098,-122.5687,0,0,0
2020-11-08T23:45:31.00,46.5098,-122.5687,0,0,0
2020-11-08T23:45:32.00,46.5098,-122.5687,0,0,0
2020-11-08T23:45:33.00,46.5098,-122.5687,0,0,0
2020-11-08T23:45:34.00,46.5098,-122.5687,0,0,0
2020-11-08T23:45:35.00,46.5098,-122.5687,0,0,0
2020-11-08T23:45:36.00,46.5098,-122.5687,0,0,0
2020-11-08T23:45:37.00,46.5098,-122.5687,0,0,0
2020-11-08T23:45:38.00,46.5098,-122.5687,0,0,0
2020-11-08T23:45:39.00,46.5098,-122.5687,0,0,0
2020-11-08T23:45:40.00,46.5098,-122.5687,0,0,0
2020-11-08T23:45:41.00,46.5098,-122.5687,0,0,0
2020-11-08T23:45:42.00,46.5098,-122.5687,0,0,0
2020-11-08T23:45:43.00,46.5098,-122.5687,0,0,0
2020-11-08T23:45:44.00,46.5098,-122.5687,0,0,0
2020-11-08T23:45:45.00,46.5098,-122.5687,0,0,0
2020-11-08T23:45:46.00,46.5098,-122.5687,0,0,0
2020-11-08T23:45:47.00,46.5098,-122.5687,0,0,0
2020-11-08T23:45:48.00,46.5098,-122.5687,0,0,0
2020-11-08T23:45:49.00,46.5098,-122.5687,0,0,0
2020-11-08T23:45:50.00,46.5098,-122.5687,0,0,0
2020-11-08T23:45:51.00,46.5098,-122.5687,0,0,0
2020-11-08T23:45:52.00,46.5098,-122.5687,0,0,0
2020-11-08T23:45:53.00,46.5098,-122.5687,0,0,0
2020-11-08T23:45:54.00,46.5098,-122.5687,0,0,0
2020-11-08T23:45:55.00,46.5098,-122.5687,0,0,0
2020-11-08T23:45:56.00,46.5098,-122.5687,0,0,0
2020-11-08T23:45:57.00,46.5098,-122.5687,0,0,0
2020-11-08T23:45:58.00,46.5098,-122.5687,0,0,0
2020-11-08T23:45:59.00,46.5098,-122.5687,0,0,0
2020-11-08T23:46:00.00,46.5098,-122.5687,0,0,0
2020-11-08T23:46:01.00,46.5098,-122.5687,0,0,0
2020-11-08T23:46:02.00,46.5098,-122.5687,0,0,0
2020-11-08T23:46:03.00,46.5098,-122.5687,0,0,0
2020-11-08T23:46:04.00,46.5098,-122.5687,0,0,0
2020-11-08T23:46:05.00,46.5098,-122.5687,0,0,0
2020-11-08T23:46:06.00,46.5098,-122.5687,0,0,0
2020-11-08T23:46:07.00,46.5098,-122.5687,0,0,0
2020-11-08T23:46:08.00,46.5098,-122.5687,0,0,0
2020-11-08T23:46:09.00,46.5098,-122.5687,0,0,0
2020-11-08T23:46:10.00,46.5098,-122.5687,0,0,0
2020-11-08T23:46:11.00,46.5098,-122.5687,0,0,0
2020-11-08T23:46:12.00,46.5098,-122.5687,0,0,0
2020-11-08T23:46:13.00,46.5098,-122.5687,0,0,0
2020-11-08T23:46:14.00,46.5098,-122.5687,0,0,0
2020-11-08T23:46:15.00,46.5098,-122.5687,0,0,0
2020-11-08T23:46:16.00,46.5098,-122.5687,0,0,0
2020-11-08T23:46:17.00,46.5097,-122.5687,0,0,0
2020-11-08T23:46:18.00,46.5097,-122.5687,0,0,0
2020-11-08T23:46:19.00,46.5097,-122.5687,0,0,0
2020-11-08T23:46:20.00,46.5097,-122.5687,0,0,0
2020-11-08T23:46:21.00,46.5097,-122.5687,0,0,0
2020-11-08T23:46:22.00,46.5097,-122.5687,0,0,0
2020-11-08T23:46:23.00,46.5097,-122.5687,0,0,0
2020-11-08T23:46:24.00,46.5097,-122.5687,0,0,0
2020-11-08T23:46:25.00,46.5097,-122.5687,0,0,0
2020-11-08T23:46:26.00,46.5097,-122.5687,0,0,0
2020-11-08T23:46:27.00,46.5097,-122.5687,0,0,0
2020-11-08T23:46:28.00,46.5097,-122.5687,0,0,0
2020-11-08T23:46:29.00,46.5097,-122.5687,0,0,0
2020-11-08T23:46:30.00,46.5097,-122.5687,0,0,0
2020-11-08T23:46:31.00,46.5097,-122.5687,0,0,0
2020-11-08T23:46:32.00,46.5097,-122.5687,0,0,0
2020-11-08T23:46:33.00,46.5097,-122.5687,0,0,0
2020-11-08T23:46:34.00,46.5097,-122.5687,0,0,0
2020-11-08T23:46:35.00,46.5097,-122.5687,0,0,0
2020-11-08T23:46:36.00,46.5097,-122.5687,0,0,0
2020-11-08T23:46:37.00,46.5097,-122.5687,0,0,0
2020-11-08T23:46:38.00,46.5097,-122.5687,0,0,0
2020-11-08T23:46:39.00,46.5097,-122.5687,0,0,0
2020-11-08T23:46:40.00,46.5097,-122.5687,0,0,0
2020-11-08T23:46:41.00,46.5097,-122.5687,0,0,0
2020-11-08T23:46:42.00,46.5097,-122.5687,0,0,0
2020-11-08T23:46:43.00,46.5097,-122.5687,0,0,0
2020-11-08T23:46:44.00,46.5097,-122.5687,0,0,0
2020-11-08T23:46:45.00,46.5097,-122.5687,0,0,0
2020-11-08T23:46:46.00,46.5097,-122.5687,0,0,0
2020-11-08T23:46:47.00,46.5097,-122.5687,0,0,0
2020-11-08T23:46:48.00,46.5097,-122.5687,0,0,0
2020-11-08T23:46:49.00,46.5097,-122.5687,0,0,0
2020-11-08T23:46:50.00,46.5097,-122.5687,0,0,0
2020-11-08T23:46:51.00,46.5097,-122.5687,0,0,0
2020-11-08T23:46:52.00,46.5097,-122.5687,0,0,0
2020-11-08T23:46:53.00,46.5097,-122.5687,0,0,0
2020-11-08T23:46:54.00,46.5097,-122.5687,0,0,0
2020-11-08T23:46:55.00,46.5097,-122.5687,0,0,0
2020-11-08T23:46:56.00,46.5097,-122.5687,0,0,0
2020-11-08T23:46:57.00,46.5097,-122.5687,0,0,0
2020-11-08T23:46:58.00,46.5097,-122.5687,0,0,0
2020-11-08T23:46:59.00,46.5097,-122.5687,0,0,0
2020-11-08T23:47:00.00,46.5097,-122.5687,0,0,0
2020-11-08T23:47:01.00,46.5097,-122.5687,0,0,0
2020-11-08T23:47:02.00,46.5097,-122.5687,0,0,0
2020-11-08T23:47:03.00,46.5097,-122.5687,0,0,0
2020-11-08T23:47:04.00,46.5097,-122.5687,0,0,0
2020-11-08T23:47:05.00,46.5097,-122.5687,0,0,0
2020-11-08T23:47:06.00,46.5097,-122.5687,0,0,0
2020-11-08T23:47:07.00,46.5097,-122.5687,0,0,0
2020-11-08T23:47:08.00,46.5097,-122.5687,0,0,0
2020-11-08T23:47:09.00,46.5097,-122.5687,0,0,0
2020-11-08T23:47:10.00,46.5097,-122.5687,0,0,0
2020-11-08T23:47:11.00,46.5097,-122.5687,0,0,0
2020-11-08T23:47:12.00,46.5097,-122.5687,0,0,0
2020-11-08T23:47:13.00,46.5097,-122.5687,0,0,0
2020-11-08T23:47:14.00,46.5097,-122.5687,0,0,0
2020-11-08T23:47:15.00,46.5097,-122.5687,0,0,0
2020-11-08T23:47:16.00,46.5097,-122.5687,0,0,0
2020-11-08T23:47:17.00,46.5097,-122.5687,0,0,0
2020-11-08T23:47:18.00,46.5097,-122.5687,0,0,0
2020-11-08T23:47:19.00,46.5097,-122.5687,0,0,0
2020-11-08T23:47:20.00,46.5097,-122.5687,0,0,0
2020-11-08T23:47:21.00,46.5097,-122.5687,0,0,0
2020-11-08T23:47:22.00,46.5097,-122.5687,0,0,0
2020-11-08T23:47:23.00,46.5097,-122.5687,0,0,0
2020-11-08T23:47:24.00,46.5097,-122.5687,0,0,0
2020-11-08T23:47:25.00,46.5097,-122.5687,0,0,0
2020-11-08T23:47:26.00,46.5097,-122.5687,0,0,0
2020-11-08T23:47:27.00,46.5097,-122.5687,0,0,0
2020-11-08T23:47:28.00,46.5097,-122.5687,0,0,0
2020-11-08T23:47:29.00,46.5096,-122.5687,0,0,0
2020-11-08T23:47:30.00,46.5096,-122.5687,0,0,0
2020-11-08T23:47:31.00,46.5096,-122.5687,0,0,0
2020-11-08T23:47:32.00,46.5096,-122.5687,0,0,0
2020-11-08T23:47:33.00,46.5096,-122.5687,0,0,0
2020-11-08T23:47:34.00,46.5096,-122.5687,0,0,0
2020-11-08T23:47:35.00,46.5096,-122.5687,0,0,0
2020-11-08T23:47:36.00,46.5096,-122.5687,0,0,0
2020-11-08T23:47:37.00,46.5096,-122.5687,0,0,0
2020-11-08T23:47:38.00,46.5096,-122.5687,0,0,0
2020-11-08T23:47:39.00,46.5096,-122.5687,0,0,0
2020-11-08T23:47:40.00,46.5096,-122.5687,0,0,0
2020-11-08T23:47:41.00,46.5096,-122.5687,0,0,0
2020-11-08T23:47:42.00,46.5096,-122.5687,0,0,0
2020-11-08T23:47:43.00,46.5096,-122.5687,0,0,0
2020-11-08T23:47:44.00,46.5096,-122.5687,0,0,0
2020-11-08T23:47:45.00,46.5096,-122.5687,0,0,0
2020-11-08T23:47:46.00,46.5096,-122.5687,0,0,0
2020-11-08T23:47:47.00,46.5096,-122.5687,0,0,0
2020-11-08T23:47:48.00,46.5096,-122.5687,0,0,0
2020-11-08T23:47:49.00,46.5096,-122.5687,0,0,0
2020-11-08T23:47:50.00,46.5096,-122.5687,0,0,0
2020-11-08T23:47:51.00,46.5096,-122.5687,0,0,0
2020-11-08T23:47:52.00,46.5096,-122.5687,0,0,0
2020-11-08T23:47:53.00,46.5096,-122.5687,0,0,0
2020-11-08T23:47:54.00,46.5096,-122.5687,0,0,0
2020-11-08T23:47:55.00,46.5096,-122.5687,0,0,0
2020-11-08T23:47:56.00,46.5096,-122.5687,0,0,0
2020-11-08T23:47:57.00,46.5096,-122.5687,0,0,0
2020-11-08T23:47:58.00,46.5096,-122.5687,0,0,0
2020-11-08T23:47:59.00,46.5096,-122.5687,0,0,0
2020-11-08T23:48:00.00,46.5096,-122.5687,0,0,0
2020-11-08T23:48:01.00,46.5096,-122.5687,0,0,0
2020-11-08T23:48:02.00,46.5096,-122.5687,0,0,0
2020-11-08T23:48:03.00,46.5096,-122.5687,0,0,0
2020-11-08T23:48:04.00,46.5096,-122.5687,0,0,0
2020-11-08T23:48:05.00,46.5096,-122.5687,0,0,0
2020-11-08T23:48:06.00,46.5096,-122.5687,0,0,0
2020-11-08T23:48:07.00,46.5096,-122.5687,0,0,0
2020-11-08T23:48:08.00,46.5096,-122.5687,0,0,0
2020-11-08T23:48:09.00,46.5096,-122.5687,0,0,0
2020-11-08T23:48:10.00,46.5096,-122.5687,0,0,0
2020-11-08T23:48:11.00,46.5096,-122.5687,0,0,0
2020-11-08T23:48:12.00,46.5096,-122.5687,0,0,0
2020-11-08T23:48:13.00,46.5096,-122.5687,0,0,0
2020-11-08T23:48:14.00,46.5096,-122.5687,0,0,0
2020-11-08T23:48:15.00,46.5096,-122.5687,0,0,0
2020-11-08T23:48:16.00,46.5096,-122.5687,0,0,0
2020-11-08T23:48:17.00,46.5096,-122.5687,0,0,0
2020-11-08T23:48:18.00,46.5096,-122.5687,0,0,0
2020-11-08T23:48:19.00,46.5096,-122.5687,0,0,0
2020-11-08T23:48:20.00,46.5096,-122.5687,0,0,0
2020-11-08T23:48:21.00,46.5096,-122.5687,0,0,0
2020-11-08T23:48:22.00,46.5096,-122.5687,0,0,0
2020-11-08T23:48:23.00,46.5096,-122.5687,0,0,0
2020-11-08T23:48:24.00,46.5096,-122.5687,0,0,0
2020-11-08T23:48:25.00,46.5096,-122.5687,0,0,0
2020-11-08T23:48:26.00,46.5096,-122.5687,0,0,0
2020-11-08T23:48:27.00,46.5096,-122.5687,0,0,0
2020-11-08T23:48:28.00,46.5096,-122.5687,0,0,0
2020-11-08T23:48:29.00,46.5096,-122.5687,0,0,0
2020-11-08T23:48:30.00,46.5096,-122.5687,0,0,0
2020-11-08T23:48:31.00,46.5096,-122.5687,0,0,0
2020-11-08T23:48:32.00,46.5096,-122.5687,0,0,0
2020-11-08T23:48:33.00,46.5096,-122.5687,0,0,0
2020-11-08T23:48:34.00,46.5096,-122.5687,0,0,0
2020-11-08T23:48:35.00,46.5095,-122.5687,0,0,0
2020-11-08T23:48:36.00,46.5095,-122.5687,0,0,0
2020-11-08T23:48:37.00,46.5095,-122.5687,0,0,0
2020-11-08T23:48:38.00,46.5095,-122.5687,0,0,0
2020-11-08T23:48:39.00,46.5095,-122.5687,0,0,0
2020-11-08T23:48:40.00,46.5095,-122.5687,0,0,0
2020-11-08T23:48:41.00,46.5095,-122.5687,0,0,0
2020-11-08T23:48:42.00,46.5095,-122.5687,0,0,0
2020-11-08T23:48:43.00,46.5095,-122.5687,0,0,0
2020-11-08T23:48:44.00,46.5095,-122.5687,0,0,0
2020-11-08T23:48:45.00,46.5095,-122.5687,0,0,0
2020-11-08T23:48:46.00,46.5095,-122.5687,0,0,0
2020-11-08T23:48:47.00,46.5095,-122.5687,0,0,0
2020-11-08T23:48:48.00,46.5095,-122.5687,0,0,0
2020-11-08T23:48:49.00,46.5095,-122.5688,0,0,0
2020-11-08T23:48:50.00,46.5095,-122.5688,0,0,0
2020-11-08T23:48:51.00,46.5095,-122.5688,0,0,0
2020-11-08T23:48:52.00,46.5095,-122.5688,0,0,0
2020-11-08T23:48:53.00,46.5095,-122.5688,0,0,0
2020-11-08T23:48:54.00,46.5095,-122.5688,0,0,0
2020-11-08T23:48:55.00,46.5095,-122.5688,0,0,0
2020-11-08T23:48:56.00,46.5096,-122.5688,0,0,0
2020-11-08T23:48:57.00,46.5096,-122.5689,0,0,0
2020-11-08T23:48:58.00,46.5096,-122.5689,0,0,0
2020-11-08T23:48:59.00,46.5096,-122.5689,0,0,0
2020-11-08T23:49:00.00,46.5096,-122.5689,0,0,0
2020-11-08T23:49:01.00,46.5096,-122.5689,0,0,0
2020-11-08T23:49:02.00,46.5096,-122.5689,0,0,0
2020-11-08T23:49:03.00,46.5096,-122.5689,0,0,0
2020-11-08T23:49:04.00,46.5096,-122.5689,0,0,0
2020-11-08T23:49:05.00,46.5096,-122.5689,0,0,0
2020-11-08T23:49:06.00,46.5096,-122.5689,0,0,0
2020-11-08T23:49:07.00,46.5096,-122.5689,0,0,0
2020-11-08T23:49:08.00,46.5096,-122.5689,0,0,0
2020-11-08T23:49:09.00,46.5096,-122.5689,0,0,0
2020-11-08T23:49:10.00,46.5096,-122.5689,0,0,0
